/*
Navicat MySQL Data Transfer

Source Server         : localhost
Source Server Version : 50525
Source Host           : localhost:3306
Source Database       : db1

Target Server Type    : MYSQL
Target Server Version : 50525
File Encoding         : 65001

Date: 2019-02-10 16:48:21
*/

SET FOREIGN_KEY_CHECKS=0;

-- ----------------------------
-- Table structure for admin
-- ----------------------------
DROP TABLE IF EXISTS `admin`;
CREATE TABLE `admin` (
  `password` varchar(255) DEFAULT NULL,
  `company` varchar(100) DEFAULT NULL,
  `address` varchar(255) DEFAULT NULL,
  `phone` varchar(50) DEFAULT NULL,
  `email` varchar(50) DEFAULT NULL,
  `about` text,
  `main` text,
  `footer` varchar(100) DEFAULT NULL,
  `admin_id` int(11) NOT NULL AUTO_INCREMENT,
  PRIMARY KEY (`admin_id`)
) ENGINE=InnoDB AUTO_INCREMENT=3 DEFAULT CHARSET=utf8;

-- ----------------------------
-- Records of admin
-- ----------------------------
INSERT INTO `admin` VALUES ('0', 'Видавництво &quot;БаК&quot;', 'Україна, м.Львів, вул. Нижанківського, 5а&quot;&gt;', '+38 (032) 261-00-12', 'office@bak.lviv.ua', 'Наше видавництво .....&lt;br&gt; В нашому видавництві ....<br>22222&lt;br/&gt;3333&lt;br/&gt;4444', 'Вітаємо вас на сторінці видавництва &quot;БаК&quot;!&lt;br/&gt;Тут ви дізнаєтесь...', 'Дизайн, верстка, програмне забезпечення: Віталій Коломієць (vitaljan@gmail.com)', '1');

-- ----------------------------
-- Table structure for authors
-- ----------------------------
DROP TABLE IF EXISTS `authors`;
CREATE TABLE `authors` (
  `author_id` int(11) NOT NULL AUTO_INCREMENT,
  `author` varchar(100) DEFAULT NULL COMMENT 'Автор',
  `photo` varchar(30) DEFAULT NULL,
  `describe` varchar(500) DEFAULT NULL,
  `deleted` tinyint(1) NOT NULL DEFAULT '0',
  PRIMARY KEY (`author_id`),
  UNIQUE KEY `author_id` (`author_id`,`author`) USING BTREE
) ENGINE=InnoDB AUTO_INCREMENT=74 DEFAULT CHARSET=utf8;

-- ----------------------------
-- Records of authors
-- ----------------------------
INSERT INTO `authors` VALUES ('6', 'Святослав Караванський', 'karavansky.png', 'Святосла́в Йо́сипович Карава́нський (24 грудня 1920, Одеса — 17 грудня 2016, Балтимор, США) — український мовознавець, поет, перекладач, журналіст, автор самвидаву. Багатолітній в\'язень концтаборів СРСР. Член ОУН.', '0');
INSERT INTO `authors` VALUES ('7', 'Ева Гата', 'eva.jpg', null, '0');
INSERT INTO `authors` VALUES ('8', 'Віра Вовк', 'vvovk.jpg', 'Ві́ра Вовк (справжнє ім\'я Ві́ра Остапівна Селя́нська; нар. 2 січня 1926, Борислав) — українська письменниця, літературознавець, прозаїк, драматург і перекладачка. Пише українською, німецькою і португальською мовами, мешкає в Бразилії. Учасниця Нью-Йоркської літературної групи.', '0');
INSERT INTO `authors` VALUES ('9', 'Ксенія Жукровська', null, null, '0');
INSERT INTO `authors` VALUES ('10', 'Орест Коссак', null, null, '0');
INSERT INTO `authors` VALUES ('11', 'Мирон Федоришин', null, null, '0');
INSERT INTO `authors` VALUES ('12', 'М. Сташко', null, null, '0');
INSERT INTO `authors` VALUES ('15', 'В.Семотюк', null, null, '0');
INSERT INTO `authors` VALUES ('18', 'Євген Буров', null, null, '0');
INSERT INTO `authors` VALUES ('19', 'Є.Ільчишин', null, null, '0');
INSERT INTO `authors` VALUES ('21', 'О.Цимбалюк', null, null, '0');
INSERT INTO `authors` VALUES ('22', 'М.Лесюк', null, null, '0');
INSERT INTO `authors` VALUES ('23', 'Р.Кравець', null, null, '0');
INSERT INTO `authors` VALUES ('24', 'Тарас Береза', null, null, '0');
INSERT INTO `authors` VALUES ('25', 'Ганна Барвінок', null, null, '0');
INSERT INTO `authors` VALUES ('26', 'Орест Голубець', null, null, '0');
INSERT INTO `authors` VALUES ('27', 'Михалис Дермидзакис', null, null, '0');
INSERT INTO `authors` VALUES ('28', 'Поль Сондар', null, null, '0');
INSERT INTO `authors` VALUES ('29', 'Т. Коркішко', null, null, '0');
INSERT INTO `authors` VALUES ('30', 'А. Мельник', null, null, '0');
INSERT INTO `authors` VALUES ('31', 'В. Мельник', null, null, '0');
INSERT INTO `authors` VALUES ('32', 'В. Ємець', null, null, '0');
INSERT INTO `authors` VALUES ('33', 'Р.Попович', null, null, '0');
INSERT INTO `authors` VALUES ('34', 'Ю.І. Кундієв', null, null, '0');
INSERT INTO `authors` VALUES ('35', 'Гера О.', null, null, '0');
INSERT INTO `authors` VALUES ('36', 'В.Кресюн', null, null, '0');
INSERT INTO `authors` VALUES ('37', 'Елізабет Фенвік', null, null, '0');
INSERT INTO `authors` VALUES ('38', 'Л.Буняк', null, null, '0');
INSERT INTO `authors` VALUES ('39', 'Стефанія Павлишин', null, null, '0');
INSERT INTO `authors` VALUES ('40', 'Вільям Ф. Ґанонґ', null, null, '0');
INSERT INTO `authors` VALUES ('41', 'Андрій Ліпатов', null, null, '0');
INSERT INTO `authors` VALUES ('42', 'Галина Новоженець', null, null, '0');
INSERT INTO `authors` VALUES ('43', 'Іван Шавель', null, null, '0');
INSERT INTO `authors` VALUES ('46', 'Германович Л.', null, null, '0');
INSERT INTO `authors` VALUES ('47', 'М.Пацюк', null, null, '0');
INSERT INTO `authors` VALUES ('48', 'І.Підганюк', null, null, '0');
INSERT INTO `authors` VALUES ('49', 'А.Годяк', null, null, '0');
INSERT INTO `authors` VALUES ('50', 'Д.Зербіно', null, null, '0');
INSERT INTO `authors` VALUES ('51', 'М.Гжегоцький', null, null, '0');
INSERT INTO `authors` VALUES ('52', 'Я.Луцик', null, null, '0');
INSERT INTO `authors` VALUES ('53', 'Б.Стадник', null, null, '0');
INSERT INTO `authors` VALUES ('54', 'Ю.Антків', null, null, '0');
INSERT INTO `authors` VALUES ('55', 'Тереса Мазепа', null, null, '0');
INSERT INTO `authors` VALUES ('56', 'Добрянський О.', null, null, '0');
INSERT INTO `authors` VALUES ('57', 'Л. Мельник', null, null, '0');
INSERT INTO `authors` VALUES ('58', 'Любов Коссак-Баб`юк', null, null, '0');
INSERT INTO `authors` VALUES ('59', 'Михайло Рожко', null, null, '0');
INSERT INTO `authors` VALUES ('60', 'Оксана Заячківська', null, null, '0');
INSERT INTO `authors` VALUES ('61', 'І.Юрчак', null, null, '0');
INSERT INTO `authors` VALUES ('62', 'А. Загородній', null, null, '0');
INSERT INTO `authors` VALUES ('63', 'Г. Вознюк', null, null, '0');
INSERT INTO `authors` VALUES ('64', 'Ольга Катрич', null, null, '0');
INSERT INTO `authors` VALUES ('65', 'Олеся Любава', null, null, '0');
INSERT INTO `authors` VALUES ('66', 'Ольга Коссак', null, null, '0');
INSERT INTO `authors` VALUES ('67', 'Ольга Тумашова', null, null, '0');
INSERT INTO `authors` VALUES ('68', 'Тихон Лещук', null, null, '0');
INSERT INTO `authors` VALUES ('69', 'М.Кривенко', null, null, '0');
INSERT INTO `authors` VALUES ('70', 'Н. Письменна', null, null, '0');
INSERT INTO `authors` VALUES ('71', 'Л.Терещенко', null, null, '0');
INSERT INTO `authors` VALUES ('72', 'Нельсон Д.', null, null, '0');
INSERT INTO `authors` VALUES ('73', 'Кокс М.', null, null, '0');

-- ----------------------------
-- Table structure for bookauthor
-- ----------------------------
DROP TABLE IF EXISTS `bookauthor`;
CREATE TABLE `bookauthor` (
  `bookauthor_id` int(11) NOT NULL AUTO_INCREMENT,
  `book` int(11) NOT NULL,
  `author` int(11) NOT NULL,
  PRIMARY KEY (`bookauthor_id`)
) ENGINE=InnoDB AUTO_INCREMENT=226 DEFAULT CHARSET=utf8;

-- ----------------------------
-- Records of bookauthor
-- ----------------------------
INSERT INTO `bookauthor` VALUES ('83', '1', '10');
INSERT INTO `bookauthor` VALUES ('84', '11', '10');
INSERT INTO `bookauthor` VALUES ('86', '11', '23');
INSERT INTO `bookauthor` VALUES ('87', '184', '24');
INSERT INTO `bookauthor` VALUES ('88', '182', '25');
INSERT INTO `bookauthor` VALUES ('91', '116', '11');
INSERT INTO `bookauthor` VALUES ('92', '271', '26');
INSERT INTO `bookauthor` VALUES ('93', '188', '6');
INSERT INTO `bookauthor` VALUES ('94', '230', '8');
INSERT INTO `bookauthor` VALUES ('95', '191', '8');
INSERT INTO `bookauthor` VALUES ('96', '258', '7');
INSERT INTO `bookauthor` VALUES ('97', '289', '7');
INSERT INTO `bookauthor` VALUES ('98', '160', '9');
INSERT INTO `bookauthor` VALUES ('99', '126', '28');
INSERT INTO `bookauthor` VALUES ('100', '126', '27');
INSERT INTO `bookauthor` VALUES ('101', '125', '28');
INSERT INTO `bookauthor` VALUES ('102', '125', '27');
INSERT INTO `bookauthor` VALUES ('103', '44', '30');
INSERT INTO `bookauthor` VALUES ('104', '44', '31');
INSERT INTO `bookauthor` VALUES ('105', '44', '29');
INSERT INTO `bookauthor` VALUES ('106', '43', '32');
INSERT INTO `bookauthor` VALUES ('107', '43', '30');
INSERT INTO `bookauthor` VALUES ('108', '43', '33');
INSERT INTO `bookauthor` VALUES ('109', '137', '34');
INSERT INTO `bookauthor` VALUES ('110', '139', '35');
INSERT INTO `bookauthor` VALUES ('111', '139', '36');
INSERT INTO `bookauthor` VALUES ('112', '136', '37');
INSERT INTO `bookauthor` VALUES ('113', '135', '37');
INSERT INTO `bookauthor` VALUES ('114', '133', '37');
INSERT INTO `bookauthor` VALUES ('115', '132', '37');
INSERT INTO `bookauthor` VALUES ('116', '134', '38');
INSERT INTO `bookauthor` VALUES ('117', '134', '36');
INSERT INTO `bookauthor` VALUES ('118', '138', '22');
INSERT INTO `bookauthor` VALUES ('119', '130', '40');
INSERT INTO `bookauthor` VALUES ('120', '109', '41');
INSERT INTO `bookauthor` VALUES ('121', '231', '42');
INSERT INTO `bookauthor` VALUES ('122', '288', '26');
INSERT INTO `bookauthor` VALUES ('123', '259', '26');
INSERT INTO `bookauthor` VALUES ('124', '42', '18');
INSERT INTO `bookauthor` VALUES ('125', '143', '43');
INSERT INTO `bookauthor` VALUES ('128', '45', '34');
INSERT INTO `bookauthor` VALUES ('129', '107', '46');
INSERT INTO `bookauthor` VALUES ('130', '56', '47');
INSERT INTO `bookauthor` VALUES ('131', '56', '48');
INSERT INTO `bookauthor` VALUES ('132', '56', '49');
INSERT INTO `bookauthor` VALUES ('133', '62', '51');
INSERT INTO `bookauthor` VALUES ('134', '62', '50');
INSERT INTO `bookauthor` VALUES ('135', '27', '52');
INSERT INTO `bookauthor` VALUES ('136', '27', '38');
INSERT INTO `bookauthor` VALUES ('137', '27', '53');
INSERT INTO `bookauthor` VALUES ('138', '22', '18');
INSERT INTO `bookauthor` VALUES ('139', '51', '54');
INSERT INTO `bookauthor` VALUES ('140', '67', '55');
INSERT INTO `bookauthor` VALUES ('141', '24', '35');
INSERT INTO `bookauthor` VALUES ('142', '24', '56');
INSERT INTO `bookauthor` VALUES ('143', '69', '57');
INSERT INTO `bookauthor` VALUES ('144', '38', '58');
INSERT INTO `bookauthor` VALUES ('145', '55', '37');
INSERT INTO `bookauthor` VALUES ('146', '59', '37');
INSERT INTO `bookauthor` VALUES ('147', '86', '37');
INSERT INTO `bookauthor` VALUES ('148', '101', '37');
INSERT INTO `bookauthor` VALUES ('149', '301', '59');
INSERT INTO `bookauthor` VALUES ('150', '249', '60');
INSERT INTO `bookauthor` VALUES ('152', '314', '6');
INSERT INTO `bookauthor` VALUES ('153', '103', '6');
INSERT INTO `bookauthor` VALUES ('154', '220', '6');
INSERT INTO `bookauthor` VALUES ('155', '270', '6');
INSERT INTO `bookauthor` VALUES ('156', '248', '6');
INSERT INTO `bookauthor` VALUES ('157', '305', '6');
INSERT INTO `bookauthor` VALUES ('158', '117', '6');
INSERT INTO `bookauthor` VALUES ('159', '173', '7');
INSERT INTO `bookauthor` VALUES ('160', '122', '11');
INSERT INTO `bookauthor` VALUES ('161', '94', '6');
INSERT INTO `bookauthor` VALUES ('162', '189', '6');
INSERT INTO `bookauthor` VALUES ('163', '269', '6');
INSERT INTO `bookauthor` VALUES ('164', '54', '6');
INSERT INTO `bookauthor` VALUES ('165', '295', '6');
INSERT INTO `bookauthor` VALUES ('166', '53', '6');
INSERT INTO `bookauthor` VALUES ('167', '183', '24');
INSERT INTO `bookauthor` VALUES ('168', '330', '7');
INSERT INTO `bookauthor` VALUES ('170', '89', '39');
INSERT INTO `bookauthor` VALUES ('171', '50', '39');
INSERT INTO `bookauthor` VALUES ('172', '49', '39');
INSERT INTO `bookauthor` VALUES ('173', '81', '10');
INSERT INTO `bookauthor` VALUES ('174', '81', '61');
INSERT INTO `bookauthor` VALUES ('175', '36', '63');
INSERT INTO `bookauthor` VALUES ('176', '36', '62');
INSERT INTO `bookauthor` VALUES ('177', '35', '62');
INSERT INTO `bookauthor` VALUES ('178', '35', '63');
INSERT INTO `bookauthor` VALUES ('179', '71', '64');
INSERT INTO `bookauthor` VALUES ('180', '147', '7');
INSERT INTO `bookauthor` VALUES ('181', '166', '7');
INSERT INTO `bookauthor` VALUES ('182', '300', '7');
INSERT INTO `bookauthor` VALUES ('183', '235', '7');
INSERT INTO `bookauthor` VALUES ('184', '142', '7');
INSERT INTO `bookauthor` VALUES ('185', '179', '7');
INSERT INTO `bookauthor` VALUES ('186', '267', '7');
INSERT INTO `bookauthor` VALUES ('187', '216', '7');
INSERT INTO `bookauthor` VALUES ('188', '315', '65');
INSERT INTO `bookauthor` VALUES ('189', '70', '8');
INSERT INTO `bookauthor` VALUES ('190', '87', '8');
INSERT INTO `bookauthor` VALUES ('191', '76', '8');
INSERT INTO `bookauthor` VALUES ('192', '268', '8');
INSERT INTO `bookauthor` VALUES ('193', '234', '8');
INSERT INTO `bookauthor` VALUES ('194', '218', '8');
INSERT INTO `bookauthor` VALUES ('195', '287', '8');
INSERT INTO `bookauthor` VALUES ('196', '255', '8');
INSERT INTO `bookauthor` VALUES ('197', '217', '8');
INSERT INTO `bookauthor` VALUES ('198', '156', '8');
INSERT INTO `bookauthor` VALUES ('199', '313', '8');
INSERT INTO `bookauthor` VALUES ('200', '222', '7');
INSERT INTO `bookauthor` VALUES ('201', '149', '6');
INSERT INTO `bookauthor` VALUES ('202', '40', '10');
INSERT INTO `bookauthor` VALUES ('203', '40', '66');
INSERT INTO `bookauthor` VALUES ('204', '40', '67');
INSERT INTO `bookauthor` VALUES ('205', '52', '39');
INSERT INTO `bookauthor` VALUES ('206', '161', '8');
INSERT INTO `bookauthor` VALUES ('207', '256', '8');
INSERT INTO `bookauthor` VALUES ('208', '181', '25');
INSERT INTO `bookauthor` VALUES ('209', '236', '6');
INSERT INTO `bookauthor` VALUES ('210', '174', '8');
INSERT INTO `bookauthor` VALUES ('211', '92', '7');
INSERT INTO `bookauthor` VALUES ('212', '244', '68');
INSERT INTO `bookauthor` VALUES ('213', '141', '7');
INSERT INTO `bookauthor` VALUES ('214', '83', '7');
INSERT INTO `bookauthor` VALUES ('215', '100', '7');
INSERT INTO `bookauthor` VALUES ('216', '223', '68');
INSERT INTO `bookauthor` VALUES ('217', '120', '7');
INSERT INTO `bookauthor` VALUES ('218', '64', '69');
INSERT INTO `bookauthor` VALUES ('219', '64', '70');
INSERT INTO `bookauthor` VALUES ('220', '64', '71');
INSERT INTO `bookauthor` VALUES ('221', '185', '68');
INSERT INTO `bookauthor` VALUES ('222', '328', '8');
INSERT INTO `bookauthor` VALUES ('223', '151', '73');
INSERT INTO `bookauthor` VALUES ('224', '151', '72');
INSERT INTO `bookauthor` VALUES ('225', '23', '19');

-- ----------------------------
-- Table structure for books
-- ----------------------------
DROP TABLE IF EXISTS `books`;
CREATE TABLE `books` (
  `book_id` int(11) unsigned NOT NULL AUTO_INCREMENT,
  `book` varchar(100) DEFAULT '',
  `describe` mediumtext,
  `folder` int(11) DEFAULT '0',
  `created` date DEFAULT '0000-00-00',
  `modified` date DEFAULT '0000-00-00',
  `hits` int(11) unsigned DEFAULT '0',
  `picture` varchar(50) DEFAULT NULL,
  `price` int(4) DEFAULT NULL,
  `available` set('0','1','') DEFAULT '',
  `deleted` tinyint(1) DEFAULT '0',
  PRIMARY KEY (`book_id`)
) ENGINE=InnoDB AUTO_INCREMENT=337 DEFAULT CHARSET=utf8;

-- ----------------------------
-- Records of books
-- ----------------------------
INSERT INTO `books` VALUES ('1', 'Англо-український словник з інформатики та обчислюв. техніки', 'Словник містить понад 15000 термінів з інформатики, комп&amp;amp;amp;amp;amp;amp;amp;rsquo;ютерних технологій та інженерії. Для фахівців у галузі інформатики, комп&amp;amp;amp;amp;amp;amp;amp;rsquo;ютерних технологій, перекладачів, викладачів, студентів, школярів. Книга видана за підтримки: Digital Equipment Corp.', '6', '2006-07-04', '2008-09-17', '10743', 'dictkomp.jpg', null, '', '0');
INSERT INTO `books` VALUES ('11', 'Англо-український та укр.-англ. словник- довідник з телекомунікацій', 'Словник-довідник містить понад 4000 термінів і охоплює теми: види зв&rsquo;язку, надання послуг, сучасні технології. Складається з англо-українського та українсько-англійського словників, словника англійських та українських скорочень, довідкової частини. Для фахівців з телекомунікацій, перекладачів, викладачів і студентів. Книга видана за підтримки:Digital Equipment Corp.УкртелекомUtelUMCThe British CouncilSchool of Slavonic and East European Studies University of LondonДержавний університет &ldquo;Львівська політехніка&rdquo;', '6', '2005-06-22', '2015-02-07', '11356', 'comunic.jpg', '10', '1', '0');
INSERT INTO `books` VALUES ('12', 'Англо-український словник з українською транскрипцією', 'Словник зосереджує увагу на одному з найважчих аспектів вивчення англійської мови - читанні та вимові англійських слів. Запропоновано оригінальну транскрипцію звуків англійської мови й подано таблицю відповідності зі знаками фонетичної транскрипції. Містить понад 5000 найуживаніших слів. Має покажчик українських слів. Розрахований на всіх, хто вивчає англійську мову. Книга видана за підтримки Європейського Союзу (проект Tempus-Tacis).<br/><br/>2-те перероблене та доповнене видання.', '6', '2005-06-23', '2009-04-07', '19540', 'fedor.jpg', null, '1', '0');
INSERT INTO `books` VALUES ('13', 'Російсько- український словник бібліотечно-бібліографічних термінів', '', '6', '2005-06-23', '2008-09-17', '11286', 'slovnykbiblioterminiv.jpg', null, '0', '0');
INSERT INTO `books` VALUES ('14', 'Основи менеджменту', 'Це перша фундаментальна праця з менеджменту, виконана спільно американськими й українськими вченими та адаптована до українських умов. За її основу взято підручник Рикі В. Ґріфіна, професора університету Texas A&amp;M (CША) &ldquo;Основи менеджменту. Головні концепції та застосування&rdquo; (2-е вид., 2000). Підручник відображає головні тенденції світового ринку і базової освітньої літератури в галузі менеджменту, орієнтує на використання практичних підходів та унікальних за природою інтерактивних методів навчання студентів. Ця книга є водночас теоретичним і практичним виданням, яке допоможе як у вивченні базових теоретичних основ менеджменту, так і у практичній щоденній роботі менеджера будь-якого рівня в Україні. Для студентів, аспірантів, викладачів, фахівців, які формують і удосконалюють сучасні системи менеджменту в організаціях.', '5', '2005-06-23', '2011-09-15', '9893', 'menedz.jpg', null, '0', '0');
INSERT INTO `books` VALUES ('15', 'Чи розмовляєте ви французькою?', 'Навчальний посібник складається з шести частин: &ldquo;Моя сім&rsquo;я і я&rdquo;, &ldquo;Мій робочий день&rdquo;, &ldquo;Моє навчання&rdquo; (на прикладі Національного університету &ldquo;Львівська політехніка&rdquo; та Університету Сержі Понтуаз, Франція), &ldquo;Україна&rdquo; (Україна, Київ, Львів), &ldquo;Франція&rdquo;, &ldquo;Подорожування&rdquo;.', '5', '2005-06-24', '2011-05-10', '10197', 'france.jpg', null, '0', '0');
INSERT INTO `books` VALUES ('16', 'Програмування у середовищі Turbo Pascal', 'У книзі послідовно викладено матеріал, що охоплює всі основні засоби мови Турбо Паскаль, починаючи від простих типів даних і структур керування для їхнього опрацювання, структуровані типи (масиви, множини, записи, файли), вказівні типи, динамічні структури, деякі алгоритми їхнього опрацювання. Кожен розділ завершується вправами. Наведено багато прикладів програм, що можуть бути корисними під час самостійного розроблення студентами власних програм. Описано також елементи об&rsquo;єктно-орієнтованого програмування. В додатках наведено головні процедури і функції стандартних модулів для роботи з екраном і клавіатурою, а також засоби побудови графічних зображень. Для студентів технічних спеціальностей вищих навчальних закладів, а також усіх, хто цікавиться програмуванням.', '5', '2005-06-23', '2008-09-17', '10085', 'pacal.jpg', null, '0', '0');
INSERT INTO `books` VALUES ('17', 'Людина. Навчальний атлас з анатомії та фізіології', 'Переклад з англійської.Перше видання всесвітньо відомої книги &ldquo;The Human Body&rdquo; (A Dorling Kindersley Book) в українському перекладі. Розглянуті всі головні системи організму людини &ndash; скелетна, м&rsquo;язова, нервова, ендокринна, серцево-судинна, імунна, дихання, травна, сечовидільна, репродуктивна. Понад 1000 чудових кольорових ілюстрацій та докладні пояснення до них демонструють складну будову організму людини та роботу його систем і органів. Описані понад 150 захворювань та порушень функціонування систем організму людини &ndash; їхні причини, симптоми, сучасні методи діагностики, а також способи лікування &ndash; як медикаментозного, так і хірургічного. Адресований усім, хто вивчає медицину, а також тим, хто прагне краще пізнати найбільшу таємницю Всесвіту &ndash; організм людини. Книга видана за підтримки: добродія Григорія Малиновського (США) проф. Володимира Бандери (США)', '5', '2005-06-23', '2008-09-17', '13678', 'ludyn.jpg', null, '', '0');
INSERT INTO `books` VALUES ('18', '120 диктантів: Зб. конкурс. диктантів та навч.-метод. завд. з укр.мови', 'У збірнику подано методичні поради, практичні завдання і типові диктанти з української мови для підготовки до вступу у вищі навчальні заклади України, в яких диктант є вступним письмовим іспитом. Матеріали підготовлено колективом викладачів вищих навчальних закладів, методистів та вчителів середніх шкіл м.Львова. Пропоновані тексти адаптовано й опрацьовано відповідно до вимог чинного &ldquo;Українського правопису&rdquo;. Збірник рекомендований для використання в роботі зі слухачами курсів довузівської підготовки, учнями середніх шкіл, гімназій, ліцеїв та коледжів.', '5', '2005-06-23', '2008-09-17', '10062', '120dic.jpg', '0', '', '0');
INSERT INTO `books` VALUES ('19', 'Комунікативна німецька мова', 'За ред. В.Задорожного, Т.Зайферта, Ф.Шпітцера, М.Весни.Навчальний посібник орієнтований на студентів вищих навчальних закладів України. Він може бути використаний усіма, хто хоче поркащити свої знання комунікативної німецької мови. Посфібник складається з шести частин: &ldquo;Моя сім&rsquo;я&rdquo;, &ldquo;Навчальний день студента&rdquo;, &ldquo;Навчання в університеті&rdquo;, &ldquo;Україна&rdquo;, &ldquo;Німеччина&rdquo;, &ldquo;Подорож&rdquo;. Обсяг та вид вправ дають змогу використовувати посібник у студентських групах різного рівня знань.Книга видана за підтримки Європейського Союзу (проект Tempus-Tacis).', '5', '2005-06-23', '2008-09-17', '10376', 'deutsh.jpg', '0', '0', '0');
INSERT INTO `books` VALUES ('20', 'Спілкуємося англійською мовою', 'За ред. П.Корнеса і Н.Гайдук Навчальний посібник складається шести частин: &ldquo;Життя у сім&rsquo;ї&rdquo;, &ldquo;Повсякденне життя&rdquo;, &ldquo;Студентське життя сьогодні&rdquo;, &ldquo;Україна&rdquo;, &ldquo;Англомовні країни&rdquo;, &ldquo;Подорожування&rdquo;. Мета книги &ndash; сприяти розвитку навичок спілкування англійською мовою. Посібник призначений для студентів вищих навчальних закладів, учнів старших класів загальноосвітніх шкіл та ґімназій. Книга видана за підтримки Європейського Союзу (проект Tempus-Tacis).', '5', '2005-06-23', '2008-09-17', '9862', 'english.jpg', '0', '0', '0');
INSERT INTO `books` VALUES ('21', 'Хорове сольфеджіо', 'Практичний посібник для вивчення курсу сольфеджіо в старших класах дитячих музичних шкіл, в педагогічних і музичних училищах, на факультетах музичного виховання педінститутів і на диригентсько-хорових факультетах консерваторій. Побудований на матеріалі української хорової музики.     Співник для жіночого триголосого хору a capella.', '5', '2005-06-23', '2008-09-17', '10283', 'solfed.jpg', '0', '0', '0');
INSERT INTO `books` VALUES ('22', 'Комп’ютерні мережі', 'У цьому фундаментальному виданні висвітлено практично всі сучасні мережеві інформаційні технології. Розглянуто апаратні та логічні принципи побудови мереж, функції протоколів, сучасні комерційні технології локальних та глобальних мереж, питання керування та адміністрування мережами, об&amp;rsquo;єднання мереж, віддаленого доступу, архітектур розподілених обчислень. Значну увагу приділено побудові коректних мережевих вирішень, наведено типові вирішення. Порівняно мережеві функції головних мережевих операційних систем. Це унікальне за інформаційною насиченістю видання можуть використовувати як студенти, так і спеціалісти в галузі інформаційних технологій.Книга видана за підтримки: Cisco Systems Inc., Raichle &amp;amp; De-Massari AG, Діавест-Львів,  Рубікон, Техноекс', '3', '2005-06-23', '2008-09-17', '8318', 'burov.jpg', null, '', '0');
INSERT INTO `books` VALUES ('23', 'Практичний радіоаматор. Вип.1.', 'Пропонуються розроблені та виготовлені автором радіоаматорські схеми заощадження електроенергії, охоронної сигналізації житла, електронних реле керування освітленням, пристроїв гальванізації та електрофорезу, електронного перемикання гірлянд й інших практичних пристроїв. Для широкого кола радіоаматорів.', '3', '2005-06-23', '2018-10-27', '8915', 'amator.jpg', null, '0', '0');
INSERT INTO `books` VALUES ('24', 'Лікування рослинами (фітотерапія).', 'У довіднику наведені фіторецепти фірми &amp;ldquo;Фармафітон&amp;rdquo;.Уперше в практиці фітотерапії подано науково обґрунтовану методику розрахунку і складання рецептів, визначення терапевтичної дози лікувальної рослини. Описано застосування рослин для захисту від радіації. Для лікарів-фітотерапевтів, фармацевтів і читачів, які цікавляться народною медициною.Книга видана за підтримки Галка Лтд.', '3', '2005-06-23', '2008-09-17', '8904', 'likrosl.jpg', null, '', '0');
INSERT INTO `books` VALUES ('25', '“Труд” - жіноча кравецька школа', ' О.Цимбалюк Про передумови та становлення першого українського жіночого промислового кооперативу та фахової школи &ldquo;Труд&rdquo;, які стали підвалинами львівського осередку професійного моделювання одягу. Для мистецтвознавців, художників, істориків, викладачів і студентів. Книга видана за підтримки: ВАТ &ldquo;Світоч&rdquo;, ВАТ &ldquo;Маяк&rdquo;, СП &ldquo;НТОН&rdquo; Наявність: - ', '3', '2005-06-23', '2011-11-29', '8953', 'trud.jpg', null, null, '0');
INSERT INTO `books` VALUES ('26', 'Траволікування захворювань щитовидної залози', 'М.Лесюк Розглянуто причини захворювань щитовидної залози, дано рекомендації щодо оптимального харчування, профілактики захворювань, у рецептурній частиніф наведено рецепти та дозування настоїв і відварів стосовно до хвороби. Для лікарів-фітотерапевтів, фармацевтів і читачів, які цікавляться традиційною медициною. Наявність:&nbsp;-', '3', '2005-06-23', '2008-09-17', '8672', 'travolik.jpg', null, '', '0');
INSERT INTO `books` VALUES ('27', 'Застосування ультразвукових сенсорів', 'Розглянуто принципи створення ультразвукових сенсорів з газовими, рідинними та твердотільними чутливими елементами. Подано конструкції електроакустичних перетворювачів, перетворювачів для вимірювання температури, приклади схемних вирішень вимірювальної частини, рекомендації щодо вибору матеріалів. Висвітлено галузі застосування та подальші перспективи розвитку ультразвукових вимірювальних приладів, зокрема у нафтогазовій промисловості. Для інженерів і наукових працівників у галузі інформаційно-вимірювальної техніки та приладобудування.', '3', '2005-06-23', '2008-09-17', '8705', 'ultzw.jpg', null, '0', '0');
INSERT INTO `books` VALUES ('28', 'Текстовий процесор Word 2000', ' О.Коссак, І.Юрчак 152 стор.У книзі описані можливості текстового процесора Word 2000 англійської та російської версій для підготовки різноманітних документів, що містять таблиці, графіки, формули, а також електронних листів та web-сторінок. Численні вправи дають змогу отримати практичні навики роботи. Для користувачів персональних комп&rsquo;ютерів. Наявність: -', '4', '2005-06-23', '2008-09-17', '8946', 'word2000.jpg', null, null, '0');
INSERT INTO `books` VALUES ('29', 'Coral Draw 8 - віртуальний кольоровий світ', ' П.Венгерський, Ол.Коссак 142 стор.У книзі описані основні прийоми роботи з популярним графічним редактором CorelDRAW 8 англійської версії. Розглянуто всі засоби, функції та можливості створення кольорових графічних об&rsquo;єктів. Текст доповненний ілюстраціями, прикладами побудови графічних зображень та довідковим матеріалом. Для користувачів персональних комп&rsquo;ютерів. Наявність: -', '4', '2005-06-23', '2008-09-17', '9284', 'corel.jpg', null, null, '0');
INSERT INTO `books` VALUES ('30', 'Сім кроків до MS Word.', 'Коссак О., Юрчак І.У посібнику описані можливості текстового редактора MS Word 6.0 для підготовки різноманітних документів, що містять таблиці, малюнки, графіки, формули. Численні вправи дають змогу отримати практичні навички роботи.Для користувачів персональних комп&rsquo;ютерів.Наявність: -', '4', '2005-06-23', '2008-09-17', '8708', '7krokiv.jpg', null, null, '0');
INSERT INTO `books` VALUES ('31', 'MS Word for Windows: від текстового процесора до видавничої системи.', 'Левченко О.У книзі описані практично всі основні прийоми роботи з популярним текстовим процесором Microsoft Word для Windows версій 6.0 (російської та англійської) та 7.0 (російської). У першій частині розглянуто функції Word&rsquo;у власне як текстового процесора, у другій - його можливості як видавничої системи, у третій - налаштування основних параметрів. Текст супроводжується ілюстраціями, корисними порадами та описом курйозних ситуацій. Для всіх користувачів персональних комп&rsquo;ютерів, які прагнуть освоїти програму Microsoft Word для Windows.Книга видана за підтримки Діавест-ЛьвівНаявність: -', '4', '2005-06-23', '2008-09-17', '8612', 'word.jpg', null, null, '0');
INSERT INTO `books` VALUES ('32', 'Знайомство з Internet.', 'Копистянський А., Максимюк О., Павликевич А. та інУ посібнику описані структура, основні поняття, види послуг та правила поведінки в Internet. Розглянуті основні програмні продукти та принципи, за допомогою яких можна отримати інформацію в Internet.Для користувачів персональних комп&rsquo;ютерів.Наявність: -', '4', '2005-06-23', '2008-09-17', '8785', 'internet.jpg', null, null, '0');
INSERT INTO `books` VALUES ('33', 'Табличний процесор Microsoft Excel: основи роботи.', 'Горлач В., Левченко О.У книзі описані основні прийоми роботи з популярним табличним процесором Microsoft Excel для Windows російської та англійської версій. Як базовий варіант програми розглянуто Excel&rsquo;97, однак у тих випадках коли є суттєві розбіжності з Excel&rsquo;95, наведено опис команд і цієї версії. Текст доповнений ілюстраціями, прикладами розв&rsquo;язування найбільш типових задач та багатим довідковим матеріалом. Для всіх користувачів персональних комп&rsquo;ютерів, які прагнуть освоїти програму Microsoft Excel.Книга видана за підтримки Діавест-ЛьвівНаявність: -', '4', '2005-06-23', '2008-09-17', '8816', 'excel.jpg', null, null, '0');
INSERT INTO `books` VALUES ('34', 'Delphi 4 - сучасна технологія візуального програмування', ' В.Черняхівський 196 стор.У книзі описано систему Delphi, яка дає змогу створювати програми для роботи під керуванням ОС Windows. Розглянуто головні елементи середовища Delphi, визначення та використання команд, прийоми роботи. Наведено назви подій та концепцію їх застосування під час програмування, а також повний перелік компонент Delphi та загальні принципи їхньої побудови. Головні властивості компонент систематизовано в логічну структуру, визначено роботу з інспектором об&rsquo;єктів, описано роботу з довідковою системою. Розглянуто головні особливості мови Object Pascal, яка є в основі Delphi. В останньому розділі наведено навчально-демонстраційні проекти, які дають змогу зрозуміти суть програмування в Delphi та використання компонент. Для програмістів персональних комп&rsquo;ютерів, які бажають перейти на нові технології програмування та створити сучасні програмні продукти. Книга видана за підтримки Діавест-Львів Наявність: -', '4', '2005-06-23', '2008-09-17', '8880', 'delphi.jpg', null, null, '0');
INSERT INTO `books` VALUES ('35', 'Цінні папери.Фондовий ринок. Тлумачний словник', 'Словник містить близько тисячі понять і термінів з питань функціонування національного й світового фондового ринку та обігу цінних паперів. Тлумачення термінів подано з урахуванням чинного законодавства України. Словник розрахований на професійних учасників фондового ринку, приватних інвесторів, економістів- і фінансистів-практиків, викладачів і студентів вищих закладів освіти, а також на широкий читацький загал.', '6', '2005-06-23', '2018-10-27', '10541', 'papery.jpg', null, '0', '0');
INSERT INTO `books` VALUES ('36', 'Гроші. Валюта. Валютні цінності. Тлумачний словник', 'Словник містить близько восьмисот понять і термінів з питань функціонування грошового та валютного ринків, організації готівкового й безготівкового грошового обігу, обігу валютних цінностей. Тлумачення термінів подано з урахуванням чинного законодавства України Словник розрахований на банківських працівників, підприємців, економістів- і фінансистів-практиків, викладачів і студентів вищих закладів освіти, а також на широкий читацький загал.', '6', '2005-06-23', '2018-10-27', '10226', 'hroshi.jpg', null, '0', '0');
INSERT INTO `books` VALUES ('37', 'Фізіологія людини', ' Вільям Ф. Ґанонґ 784 стор.Підручник / Переклад з англ. Наук. ред. перекладу М.Гжегоцький, В.Шевчук, О.Заячківська. У книзі детально описано механізми функціонування, регулювання та інтегрування діяльності всіх систем органів, біохімічне підґрунття і молекулярні основи життєдіяльності, діапазон реалізації функцій організму людини. Особливу увагу приділено результатам найновіших наукових досліджень, даним молекулярної біології та генетики. Своєрідністю книги є велика кількість клінічних прикладів та доповнень про можливі функціональні зміни організму здорової людини у різних станах і випадках розвитку патології. Книга є теоретичним і практичним виданням, яке допоможе у вивченні класичних фундаментальних основ фізіології, а також у повсякденній роботі лікаря. Для студентів, інтернів, аспірантів, викладачів медико-біологічних навчальних закладів, фізіологів, науковців та практичних лікарів. Наявність: - ', '5', '2005-06-23', '2010-12-13', '10739', 'phizio.jpg', null, null, '0');
INSERT INTO `books` VALUES ('38', 'Любов Коссак-Баб`юк - педагог і музикознавець', 'Спогади, бібліографія та статті Л.Коссак-Баб&amp;#39;юк про львівських композиторів. 40 стор.Редактори і упорядники:д-р мистецтвознавства С.Павлишин;д-р мистецтвознавства Ю.Ясіновський;Т.Коноварт. Друкується за ухвалою вченої ради Львівської державної музичної академії імені М.Лисенка (протокол №7 від 30 червня 2002 року).', '3', '2005-06-23', '2011-11-29', '8639', 'tetaluba.jpg', null, '0', '0');
INSERT INTO `books` VALUES ('39', '12 уроків з 1С:Бухгалтерія, 2-ге вид.', ' О.Дубій Книга призначена передусім для бухгалтерів, які починають працювати з програмою 1С:Бухгалтерія. В ній міститься інформація, необхідна бухгалтеру в повсякденній роботі. Головні компоненти програми та дії з ними описані детально, увагу зосереджено на найважливіших моментах і головних принципах роботи з програмою. Буде корисною також бухгалтерам та операторам, які мають досвід роботи з програмою 1С:Бухгалтерія, оскільки дасть змогу осягнути роботу програми в цілому і взаємодію її компонентів. Для бухгалтерів, користувачів персональних комп&rsquo;ютерів. Наявність:&nbsp;- ', '4', '2005-06-23', '2008-09-17', '8952', '1c2ed.jpg', null, null, '0');
INSERT INTO `books` VALUES ('40', 'Методи наближених обчислень', 'Ольга Тумашова, Ольга Коссак 168 стор.Метою навчального посібника є набуття практичних навичок використання чисельних методів для розв&amp;rsquo;язування прикладних задач. У посібнику теоретичний матеріал викладено доступно і в простій формі, в додатку демонструється практичне застосування чисельних методів до розв&amp;rsquo;язування задач та апробація їх на персональних комп&amp;rsquo;ютерах за допомогою алгоритмічної мови Turbo Pascal. У посібнику розглянуто питання інтерполяції та апроксимації функцій, чисельного інтегрування, розв&amp;rsquo;язування нелінійних рівнянь, прямі та ітераційні методи розв&amp;rsquo;язування систем лінійних та нелінійних алгебричних рівнянь, чисельні та різницеві розв&amp;rsquo;язки задачі Коші, крайові задачі для звичайних диференціальних рівнянь та рівнянь з частинними похідними. Для студентів технічних спеціальностей вищих навчальних закладів. Рекомендовано Науково-методичною радою Національного університету &amp;quot;Львівська політехніка&amp;quot; як навчальний посібник для студентів вищих навчальних закладів Наявність: + Роздрібна ціна: 20.00 грн.', '5', '2005-07-20', '2015-04-04', '9738', 'metod_ob.jpg', null, '', '0');
INSERT INTO `books` VALUES ('41', 'Рослинний світ Українських Карпат: Чорногора. Екологічні мандрівки.', ' Нестерук Ю. 520 стор.У довiднику містяться описи й світлини понад 200 видів і підвидів рослин найвищого масиву Українських Карпат - Чорногори. Характеристика охоплює морфологiчнi, екологічні та біологічні особливостi, поширення в Українських Карпатах і загальний ареал, сучасний стан та перспективи охорони, застосування тощо. Назви таксонів наведені європейськими мовами. Таксономiчне мiсце рослин зазначене згiдно iз загальноприйнятою у переважнiй бiльшостi країн Європи полiтипiчною концепцiєю виду. Описано цікаві екологічні мандрівки Чорногорою. Для студентiв і фахівців природничих спеціальностей, працiвникiв науково-дослiдних і природоохоронних установ, широкого кола шанувальникiв природи Карпат. Наявність: + Роздрібна ціна: 60 грн.', '3', '2005-06-23', '2017-01-20', '9250', '4ornogora.jpg', null, null, '0');
INSERT INTO `books` VALUES ('42', 'Комп’ютерні мережі. 2-ге оновлене і доповн. видання', 'У цьому фундаментальному виданні висвітлено практично всі сучасні мережеві інформаційні технології. Розглянуто апаратні та логічні принципи побудови мереж, функції протоколів, сучасні комерційні технології локальних та глобальних мереж, питання керування та адміністрування мережами, об&amp;rsquo;єднання мереж, віддаленого доступу, архітектур розподілених обчислень. Значну увагу приділено побудові коректних мережевих вирішень, наведено типові вирішення. Порівняно мережеві функції головних мережевих операційних систем. Це унікальне за інформаційною насиченістю видання можуть використовувати як студенти, так і спеціалісти в галузі інформаційних технологій.', '3', '2005-06-23', '2018-10-27', '11387', 'meregi2.jpg', null, '0', '0');
INSERT INTO `books` VALUES ('43', 'Сучасна криптографія. Основні поняття.', 'Розглянуто основні теоретичні положення сучасної криптографії. Описано сучасні симетричні шифрувальні алгоритми. Наведено теоретичні основи для асиметричних шифрувальних алгоритмів та практично всі відомі сьогодні класи цих алгоритмів. Висвітлено генерування псевдовипадкових послідовностей та використання хешувальних функцій. Пояснено побудову цифрових підписів на підставі асиметричних алгоритмів. Викладено одне з ключових питань у разі застосування криптографії на практиці &amp;ndash; адміністрування ключами. Розглянуто можливі сучасні підходи до зламування криптосистем. Для студентів та аспірантів, що спеціалізуються в галузі захисту інформації, а також науково-технічних працівників.', '2', '2005-06-23', '2018-10-27', '9411', 'crypto.jpg', null, '0', '0');
INSERT INTO `books` VALUES ('44', 'Алгоритми та процесори симетричного блокового шифрування.', 'Розглянуто сучасні алгоритми симетричного блокового шифрування, досліджена їхня структура, організація обчислень та складність, оцінені вимоги до процесорів симетричного блокового шифрування, їхня архітектура, головні підходи до побудови та принципи їхнього проектування. Розглянуто питання синтезу процесорів симетричного блокового шифрування на базі програмованих логічних інтегрованих схем з використанням мов опису апаратних засобів комп&amp;rsquo;ютера. Книга призначена для професійних розробників засобів захисту інформації в комп&amp;rsquo;ютерних і телекомунікаційних мережах, студентів та аспірантів технічних університетів.', '2', '2005-06-23', '2018-10-27', '9170', 'shyfr.jpg', null, '0', '0');
INSERT INTO `books` VALUES ('45', 'Антологія біоетики', 'За ред. Ю.І.Кундієва. У книгу війшли доповіді, які були представлені на Першому Національному конгресі з біоетики, що проходив 17-21 вересня 2001 року в м.Києві. У статтях висвітлені світоглядні та філософські, правові та законодавчі аспекти біоетики, біоетичні проблеми медичної генетики та репродукції людини, деонтологічні проблеми в клінічній медицині, в трансплантології, біоетичні аспекти клінічних випробувань нових медичних препаратів та технологій, питання експериментів на тваринах, охорони довкілля, роботи етичних комітетів, проблеми викладання біоетики. У цій книзі опублікований один із результатів роботи Конгресу - проект Етичного кодексу лікаря України. Однак ця книга є не тільки збіркою доповідей Конгресу, вона має більш вагоме значення, її по суті можна вважати антологією біоетики. Для широкого кола читачів: науковців, лікарів, філософів, правознавців, екологів, студентів вищих навчальних закладів та ін.', '3', '2005-06-23', '2018-10-27', '8949', 'antolohija.jpg', null, '0', '0');
INSERT INTO `books` VALUES ('46', 'Чарівний світ Photoshop', 'О.C.Коссак, О.М.Коссак248 стор.Описано головні прийоми роботи з найвідомишим редактором растрової графіки Photoshop. Розглянуто всі засоби, функції та можливості редагування фотографій і малюнків: унесення змін, ретушування, застосування різних спецефеектів повя&rsquo;зання з web-технологіями тощо. &nbsp;Текст доповнений ілюстраціями та вправами, які розкривають унікальні можливості редактора. Розраховано на дизайнерів, ілюстраторів, художників, усіх хто&nbsp; прагне ефективно застосовувати сучасні комп&rsquo;ютерні технології.Наявність: -', '4', '2005-07-19', '2008-09-17', '9008', 'photoshop.jpg', null, null, '0');
INSERT INTO `books` VALUES ('47', 'Українська діаспора в Росії', 'В. Ідзьо304 стор.Збірник наукових праць присвячений питанням історич&shy;ної ролі українців у Росії, українсько-російським взаємо&shy;від&shy;носинам упродовж століть та на сучасному етапі. Дос&shy;лідження містить у своїй основі глибокий науковий, фак&shy;то&shy;логічний аналіз джерел, більшість яких апробовані впер&shy;ше. Дослідник з&rsquo;ясовує питання становлення та роз&shy;витку в Росії українських політичних, наукових, релі&shy;гійних організацій, українських друкованих органів, аналі&shy;зує ста&shy;новище українців у Росії та росіян в Україні впродовж віків та на сучасному етапі. Наявність: +Ціна: 10.00 грн.', '3', '2005-07-19', '2015-02-07', '9127', 'ukrdiasporavros.jpg', null, null, '0');
INSERT INTO `books` VALUES ('48', '12 уроків з 1С:Бухгалтерія, 3-тє вид.', 'О.Дубій248 стор.Призначена передусім для бухгалтерів, які починають працювати з програмою 1С:Бухгалтерія. В книзі міститься інформація, необхідна бухгалтеру в повсякденній роботі. Головні компоненти програми та дії з ними описані детально, увагу зосереджено на найважливіших моментах і головних принципах роботи з програмою. Буде корисна також бухгалтерам і операторам, які мають досвід роботи з програмою, оскільки дасть змогу осягнути роботу програми в цілому і взаємодію її компонентів.Наявність: -', '4', '2005-07-19', '2008-09-17', '9156', '1c-3te.jpg', null, null, '0');
INSERT INTO `books` VALUES ('49', 'Перша українська композиторка', 'Стефанія Туркевич була першою українською жінкою-композиторкою, творчість якої була на рівні епохи і навіть в її авангарді. Війна та еміграція призвели до заборони її творів в Україні і поступового забуття. Пропонована монографія представляє небуденну&amp;nbsp; особистість Стефанії Туркевич та її творчість.', '3', '2005-07-19', '2018-10-27', '9564', 'pershaukrkompoz.jpg', null, '0', '0');
INSERT INTO `books` VALUES ('50', 'Ігор Соневвицький', 'Ігор Соневвицький &amp;amp;ndash; композитор, музикознавець, піаніст, диригент,&amp;amp;nbsp; представник української музики в США. Автор численних творів різних жанрів &amp;amp;nbsp;- вокальних, камерно-, інструментальних, театральної музики. Від 50-х років хх ст.. до сьогоднішнього часу був організатором і керівником музичного життя в Америці, як у педагогічному&amp;amp;nbsp; виховані, так у концертній пропаганді.', '3', '2005-07-19', '2018-10-27', '9705', 'sonevyckyj.jpg', null, '0', '0');
INSERT INTO `books` VALUES ('51', 'Купальські пісні', 'До збірника увійшли купальські пісні з Львівської та Волинської областей в аранжуванні Юрія Антківа для міша&amp;shy;ного та жіно&amp;shy;чого (шкільного) хорів. Зроблений екскурс у минулі століття на святкування Івана Купала. Для шанувальників української нар&amp;shy;од&amp;shy;ної пісні та тра&amp;shy;ди&amp;shy;цій, студентів педагогічних навчальних закладів, учи&amp;shy;те&amp;shy;лів, керівників мішаних та шкільних хорів.', '3', '2005-07-19', '2008-09-17', '9086', 'kupalskipisni.jpg', null, '', '0');
INSERT INTO `books` VALUES ('52', 'Музика двадцятого століття', 'Розглянуто напрями, стилі і теоретичні системи. Окремо аналізується роль новаторів Шенберга і Айвза також з іншого боку розглянуто словя&amp;rsquo;янські національні школи, зокрема української.Посібник розрахований для музичних і мистецьких навчальних закладів, а також для всіх хто цікавиться питанням сучасної культури.', '5', '2005-07-19', '2015-04-04', '10293', 'muzykaxxst.jpg', '35', '1', '0');
INSERT INTO `books` VALUES ('53', 'Словник рим української мови', 'Словник рим української мови, укладе&amp;shy;ний як лінгвографічна модель формального нагромадження звукових сиг&amp;shy;налів мовним центром людини. Словник рим української мови є унікальним реєстром чолові&amp;shy;чих, жіночих і дактилічних рим української мови. Для реєстрації рим автор застосував цілком новий метод словникування лексич&amp;shy;них одиниць, який дав змогу якнайна&amp;shy;очніше відобразити римо&amp;shy;твор&amp;shy;&amp;shy;чу палітру української мови, не обмежену лише основними гра&amp;shy;ма&amp;shy;тич&amp;shy;ними формами слів. Слов&amp;shy;ник реєструє практично всі похідні форми слів. Читач, за&amp;shy;ці&amp;shy;кав&amp;shy;лений у пошуку рим, знайде у Словнику невичер&amp;shy;пне джерело римотворчости. Словник може з успіхом заступати орфог&amp;shy;ра&amp;shy;фічний та орфоепіч&amp;shy;ний словники, почасти &amp;ndash; фразеологіч&amp;shy;ний словник, а також грама&amp;shy;тичний словник української мови. Ці риси Словника роблять його потрібною книгою для студента, науковця, а також кожного щи&amp;shy;ро&amp;shy;го словолюба.&amp;nbsp;', '6', '2005-07-19', '2015-02-07', '15693', 'slovnykukrrym.jpg', '400', '1', '0');
INSERT INTO `books` VALUES ('54', 'Російсько-український словник складної лексики', '2-ге вид., доповн. і випр.Словник містить коло 40&amp;nbsp;000 перекладів російських слів, граматичних форм та ідіом. Уперше в історії української лексикографії словник наводить переклади російсь&amp;shy;ких дієприкметників, утворюючи їх від кожного наведеного в реєстрі дієслова. Це форми типу воображающий, посвящающий, приобщающий, опоясывающий, смею&amp;shy;щийся, разви&amp;shy;вающийся, стремящийся &amp;ndash; лексика систематично не перекладена в наявних нормативних словниках. Позатим, словник наводить відсутні у &amp;nbsp;масових словниках переклади російських дієслів та інших граматичних форм, дає переклади фра&amp;shy;зеологічних зворотів, прислів&amp;rsquo;їв, крилатих вира&amp;shy;зів, цитат з літературних творів. Словник адресовано широкому колові читачів &amp;ndash; від школярів до дер&amp;shy;жав&amp;shy;них діячів.', '6', '2006-02-01', '2015-04-04', '14742', 'ros_ukr_cover2.jpg', '70', '1', '0');
INSERT INTO `books` VALUES ('55', 'Мати і дитина', 'Переклад з англ. Корисний практичний порадник для догляду за Вами і Вашою дитиною &amp;ndash; від зачаття до трьох років. Перша книга, яка крок за кроком навчить Вас доглядати свою дитину. Цілком оновлене видання з новим розділом про розвиток дитини та новими рекомендаціями щодо здорового харчування і безпеки. Запропоновано відверті реальні рішення щоденних проблем. Досконале ілюстроване видання з вичерпним покажчиком.', '3', '2005-07-27', '2008-09-17', '9932', 'matydytyna.jpg', null, '', '0');
INSERT INTO `books` VALUES ('56', 'Державний ветеринарно-санітарний контроль та нагляд на державному кордоні та транспорті в Україні', 'Збірник містить нормативно-правові акти, які регулюють питання організації діяльності органів державної ветеринарної медицини на державному кордоні та транспорті, проведення ветеринарно-санітарного контролю та нагляду, відповідальності за правопорушення в цій сфері та організаційного забезпечення діяльності органів ветеринарної медицини. Видання розраховане на працівників органів державної влади, науковців, аспірантів, студентів, спеціалістів ветеринарної медицини та підприємців, які здійснюють свою діяльність на ринку тварин та тваринної продукції.', '3', '2005-07-27', '2008-09-17', '9082', 'veterynarnosanitarnyjkontrol.jpg', null, '0', '0');
INSERT INTO `books` VALUES ('57', 'Українсько-баварський конгрес ґерманістів у Львіському національному університеті імені Івана Франка', 'У збірнику вміщено матеріали Українсько-баварського конгресу ґерманістів, який відбувся 8&amp;ndash;10 квітня 2002 року у Львівському національному університеті імені Івана Франка (Україна). У статтях висвітлюються актуальні аспекти сучасної ґерманістики: пропонується огляд ґерманістичних досліджень в Україні та Німеччині, розглянуто особливості рецепції німецької літератури в Україні та української &amp;ndash; у Німеччині, систематизовано методологічні засади ґерманістики, представлено результати контрастивних досліджень на рівні граматики, фразеології, стиліс&amp;shy;тики, лексикографії.', '3', '2005-07-27', '2018-10-27', '8396', 'germanisten.jpg', null, '0', '0');
INSERT INTO `books` VALUES ('58', 'Теодор Данилів', 'Еміль Трембляйн Переклад з англ.132 c.Біографічна книга про Теодора Даниліва, вихідця з Тернопільщини (м. Бучач), адвоката, громадського діяча, першого секретаря Спілки Українців Великобританії, палкого прихильника і захисника Української Католицької Церкви. Наявність: +Ціна: 20,00 грн.', '3', '2005-07-27', '2008-09-17', '9544', 'teodordanyliv.jpg', null, null, '0');
INSERT INTO `books` VALUES ('59', 'Мати і дитина, 2-ге оновлене видання', 'Переклад з англ. Корисний практичний порадник для догляду за Вами і Вашою дитиною &amp;ndash; від зачаття до трьох років. Перша книга, яка крок за кроком навчить Вас доглядати свою дитину. Цілком оновлене видання з новим розділом про розвиток дитини та новими рекомендаціями щодо здорового харчування і безпеки. Запропоновано відверті реальні рішення щоденних проблем. Досконале ілюстроване видання з вичерпним покажчиком.Дар добродія Григорія Малиновського матерям і студентам України.', '3', '2005-09-06', '2008-12-25', '12894', 'matydytyna.jpg', null, '', '0');
INSERT INTO `books` VALUES ('60', 'Баварсько-український конгрес ґерманістів в Українському Вільному Університеті', 'У збірнику вміщено матеріали Баварсько-українського конгресу ґерма&amp;shy;ністів, який відбувся 28&amp;ndash;31 жовтня 2003 р. в Українському Вільному Університеті (м.&amp;nbsp;Мюнхен, Німеччина). У статтях вис&amp;shy;вітлюються акту&amp;shy;аль&amp;shy;ні проблеми сучас&amp;shy;ної ґерманістики як міжна&amp;shy;родної науки: пред&amp;shy;ставлено огляд ґерманістичних дослід&amp;shy;жень у Німеччині та Україні, окреслено контури міжнародної ґерманіс&amp;shy;тики, розглянуто проблеми німецької мови як міжнарод&amp;shy;ної, по&amp;shy;да&amp;shy;но результати контрастивних досліджень на рівні граматики, фразеології, стилістики, дивак&amp;shy;тики, проаналізовано надбання істо&amp;shy;ричної ґерманістики в Україні, значну увагу приділено куль&amp;shy;туро&amp;shy;ло&amp;shy;гічним аспектам сучасної ґерманістики та проблемам літе&amp;shy;ра&amp;shy;турознавчої компаративістики.', '3', '2005-09-27', '2018-10-27', '9214', 'german3%20cover.jpg', null, '0', '0');
INSERT INTO `books` VALUES ('62', 'Екологічні катастрофи у світі та в Україні', 'Розглянуто антропогенні (техногенні) екологічні катастрофи, які спричинили забруднення повітряного середовища, грунту. Акцентовано увагу на токсичних харчових катастрофах, у тому числі &amp;bdquo;японських&amp;rdquo; хворобах. Описано різновиди ядерних катастроф. Увагу приділено антропогенним катастрофам без зміни екосистем. Проаналізовано теорії катастроф, роль людського фактору у розвитку катастроф, потенційно небезпечні об&amp;rsquo;єкти катастроф. Для медиків різних спеціальностей, екологів, спеціалістів, що працюють на потенційно небезпечних об&amp;rsquo;єктах, відповідальних за охорону праці та безаварійну роботу, працівників ядерних об&amp;rsquo;єктів, атомних електростанцій, а також спеціалістів із надзвичайних ситуацій.', '3', '2005-09-27', '2015-02-07', '11862', 'ekokatastrofy.jpg', '35', '1', '0');
INSERT INTO `books` VALUES ('63', 'Все про серце: Науково–популярний довідник клініки Мейо', '', '5', '2005-09-27', '2015-04-04', '10229', 'mayo.jpg', null, '', '0');
INSERT INTO `books` VALUES ('64', 'Стефанія Павлишин у своїх працях та висловах сучасників', 'У збірнику відображено основні віхи життя та науково-педагогічної діяльності доктора мистецтвознавства, професора Стефанії Павлишин.Видання адресоване дослідникам-музикознавцям, студентам музичних і педагогічних закладів, усім тим, хто цікавиться науково-культурним життям нашого краю.', '3', '2005-09-27', '2011-11-29', '8979', 'pavlyshyn.jpg', null, '', '0');
INSERT INTO `books` VALUES ('67', 'Лєшек Мазепа: біо-бібліоґрафічні відомості та інші матеріали', 'У збірнику відображено основні віхи життя, науково-педагогічної та громадської діяльності кандидата мистецтвознавства, професора Лєшека Мазепи. Видання адресоване дослідникам-музикознавцям, студентам музичних і педагогічних закладів, усім тим, хто цікавиться науково-культурним життям нашого краю.', '3', '2006-10-25', '2018-10-27', '8069', 'mazepa1.jpg', null, '0', '0');
INSERT INTO `books` VALUES ('68', 'Олександр Ейдельман. Данина шани вчителеві', '224 с., іл.Книжку присвячено 100-річчю від дня народження видатного піаніста-педагога Олександра Ейдельмана. До збірки увійшли всі збережені матеріали професора Ейдельмана &ndash; автобіоґрафія, опубліковані ним ре&not;цензії та записані учнями конспекти його лекцій, а також спогади його колег та учнів, статті про виконавську та педагогічну діяльність, про методичні засади цього музиканта. Видання адресоване музикантам-фахівцям та широкому колу пошановувачів музич&not;ного мистецтва.Наявність: +Роздрібна ціна: 40.00 грн.', '3', '2006-10-25', '2015-04-04', '7904', 'eydelman2.jpg', null, null, '0');
INSERT INTO `books` VALUES ('69', 'Лео Вітошинський: Про мистецтво гри на гітарі', 'Путівник у світ музики &amp;ndash; і не лише для гітаристів &amp;ndash; у якому досвідчений виконавець та педагог описує не лише вирішення технічних та інтерпретаційних проблем, а й дає аналітичний зріз нотної літератури для гітари та на високому рівні розглядає загальні питання філософії музики. Читати цю книгу повчально й захопливо водночас.Видання доповнене &amp;ldquo;Фрагментами автобіографії&amp;rdquo; автора, який веде свій родовід з України.Наявність: +Ціна: 40.00 грн.', '3', '2006-11-01', '2015-04-04', '9806', 'gitara1.jpg', '40', '1', '0');
INSERT INTO `books` VALUES ('70', 'Каравела', 'Море &amp;ndash; дорога і ціль, каравела &amp;ndash; крила покликання. Мореплавець &amp;ndash; носій вічних ідеалів. Він нап&amp;rsquo;ятнований зреченням, осамітненням, трагізмом, але зате йому дано найбільший привілей взнесення й відчуття краси. Дія розвивається між дійсністю і фантазією, явою й уявою.', '9', '2006-11-02', '2017-01-20', '11895', 'kavabela1.jpg', '30', '1', '0');
INSERT INTO `books` VALUES ('71', 'Декорації та інвенції', 'Збірка прозових і поетичних творів останніх років.', '9', '2006-11-02', '2018-10-27', '8372', 'catrych1.jpg', null, '0', '0');
INSERT INTO `books` VALUES ('76', 'Напис на скарабею', 'Суміш реальности, фантазії, сновидінь і міту від сучасности до початків історії.', '9', '2007-05-07', '2017-01-20', '11281', 'skarabey.jpg', '30', '1', '0');
INSERT INTO `books` VALUES ('78', '12 уроків з 1С:Бухгалтерія, 4-те вид.', 'О. Дубій248 с.Книга призначена передусім для бухгалтерів, які починають пра&not;цю&not;вати з програмою 1С:Бухгалтерія. В ній міститься інформація, необ&not;хідна бухгалтеру в повсякденній роботі. Головні компоненти про&not;гра&not;ми та дії з ними описані детально, увагу зосереджено на найважливіших моментах і головних принципах роботи з програмою.Буде корисною також бухгалтерам та операторам, які мають досвід роботи з програмою 1С:Бухгалтерія, оскільки дасть змогу осягнути ро&not;бо&not;ту програми в цілому і взаємодію її ком&not;по&not;нентів.Для бухгалтерів, користувачів персональних комп&rsquo;ютерів.Наявність: -', '4', '2007-05-07', '2011-09-15', '9784', '1c_4ed.jpg', null, null, '0');
INSERT INTO `books` VALUES ('81', 'Текстовий процесор Word', 'У книзі описані можливості текстового процесора Word 2003 англійської та української версій для підготовки різноманітних доку&amp;not;ментів, що містять таблиці, графіки, формули, а також електронних листів та веб-сторінок. Численні вправи дають змогу отримати практичні навички роботи. Для користувачів персональних комп&amp;rsquo;ютерів.', '4', '2007-05-17', '2018-10-27', '9005', 'word_2003.jpg', null, '', '0');
INSERT INTO `books` VALUES ('83', 'Очищення, або роблю, що хочу', 'Ева Гата208 с.Як стати вільною людиною? Як зробити правильний вибір у житті? Що потрібно, щоб прожити повноцінне життя? Виявляється, не так вже й багато - треба лише заглибитися в себе, і відповідь знайдеться. Вона, ця відповідь, завжди поруч з нами. Наш Світ простий, досконалий і справедливий. Щоб бути щасливим треба лише зрозуміти його основні закони. В книзі автор намагається дати відповідь на ці сокровенні питання.Наявність: -<br/>&amp;quot;Очищення, або роблю, що хочу. 3-тє видання&amp;quot;', '9', '2007-08-18', '2012-09-12', '15085', 'evagata.jpg', null, '', '0');
INSERT INTO `books` VALUES ('86', 'Мати і дитина, 3-тє оновлене видання', 'Переклад з англ. Корисний практичний порадник для догляду за Вами і Вашою дитиною &amp;ndash; від  зачаття до трьох років. Перша книга, яка крок за кроком навчить Вас доглядати  свою дитину. Цілком оновлене видання з новим розділом про розвиток дитини та  новими рекомендаціями щодо здорового харчування і безпеки. Запропоновано  відверті реальні рішення щоденних проблем. Досконале ілюстроване видання з  вичерпним покажчиком.Дар добродія Григорія Малиновського матерям України.', '3', '2008-02-12', '2008-02-12', '7563', 'm%26b_3ed.jpg', null, '', '0');
INSERT INTO `books` VALUES ('87', 'Коляда на Щедрий вечір', 'На Щедрий вечір в авторки являються дванадцять світлих тіней з колядою.', '9', '2008-02-27', '2017-01-20', '10405', 'kolyada.jpg', '30', '1', '0');
INSERT INTO `books` VALUES ('89', 'Американська музика', 'Пропонована монографія по&amp;amp;shy;&amp;amp;shy;дає історичний огляд американської музики, її фольклорних джерел і особливостей творчості, ево&amp;amp;shy;&amp;amp;shy;люцію музичної культури від її початків до ХХ ст. Як центральна композиторська пос&amp;amp;shy;тать пред&amp;amp;shy;ста&amp;amp;shy;в&amp;amp;shy;&amp;amp;shy;лений Чарльз Айвз, не тільки з огляду на мистецьку вартість його музики, а особливо як зо&amp;amp;shy;се&amp;amp;shy;редження найхарактерніших національних рис.', '3', '2008-03-03', '2009-10-02', '8048', 'amer_muzyka.jpg', null, '', '0');
INSERT INTO `books` VALUES ('92', 'З варяг у греки, або історія,  накреслена рунами', 'В кожному куточку земної кулі є наші співвітчизники, які покинули свої домівки у пошуках ліпшого життя. Та чи здобули вони омріяне щастя в далеких краях? Перед заробітчанами постає одвічне запитання: як стати щасливим на чужині? Відповідь на це запитання дає пропонована книга. Електронна версія на kassiopeya.com або amazon.com', '9', '2008-03-14', '2013-01-25', '10376', 'z_varyah_u_hreky.jpg', null, '0', '0');
INSERT INTO `books` VALUES ('94', 'Практичний словник синонімів української мови', '3-тє вид., опрацьоване і доповн. Практичний словник синонімів української мови &amp;ndash; це лексикографічний довідник для підшукування синонімів, тобто слів з однаковим чи при&amp;shy;близно однаковим значенням. Лексика словника охоплює всі сфери людської діяльности, надаючи користувачам широкий вибірможливих синонімів та варіянтних форм. Крім твердо запроваджених у практику лексичних одиниць, словник фіксує також рідковживані та безпідставно занедбані терміни й вирази української мови. Подекуди цитовано й оказіоналізми: новотво ри та слова-пропозиції. Словник послуговується правописом 1928 р., але наводить і форми усталені колоніяльним правописом.&amp;shy;&amp;shy;&amp;shy;&amp;shy;&amp;shy;&amp;shy;  Словник адресовано широкому колові читачів: від учнів до державних діячів.<br/><br/><br/><br/>4-те опрацьоване і значно доповнене видання.', '6', '2008-03-14', '2014-08-29', '12129', 'slovnuk%20sunonimiv.jpg', null, '0', '0');
INSERT INTO `books` VALUES ('100', 'Тут і Там, або стежка між Парнасом та Олімпом', 'Кожен з нас приходить сюди з особливою метою і має унікальне завдання, яке потрібно втілити упродовж життя. Більшість людей від народження і до самої смерті перебувають в стані лялечки і не здогадуються, що їхнім покликанням є перетво¬ри¬тися на метелика. Що для цього потрібно? Від¬повідь проста – зробити впевнений неординарний крок, який розірве усі перепони на шляху до щастя. <br/>Книга розповідає про життя успішних людей, які не усвідомлювали своєї унікальної ролі на землі, аж поки не зустрілися. Для кожного героя ця зустріч стала доленосною, змінила закостенілі погляди на життя, зруйнувала стереотипи.<br/>&amp;quot;Тут і там, або стежка між Парнасом і Олімпом. 2-ге видання&amp;quot;', '9', '2008-09-16', '2012-09-12', '8567', 'tut%20i%20tam.jpg', null, '', '0');
INSERT INTO `books` VALUES ('101', 'Мати і дитина, 4-те оновлене видання', 'Переклад з англ. Корисний практичний порадник для догляду за Вами і Вашою дитиною &amp;ndash; від зачаття до трьох років. Перша книга, яка крок за кроком навчить Вас доглядати свою дитину. Цілком оновлене видання з новим розділом про розвиток дитини та новими рекомендаціями щодо здорового харчування і безпеки. Запропоновано відверті реальні рішення щоденних проблем. Досконале ілюстроване видання з вичерпним покажчиком.', '3', '2008-09-16', '2018-10-27', '9413', 'm%26b_3ed.jpg', null, '0', '0');
INSERT INTO `books` VALUES ('103', 'До зір крізь терня, або хочу бути редактором', 'До зір крізь терня, або хочу бути редактором&amp;rdquo; &amp;ndash; це серія популярних бесід, свого часу публікованих у журналі &amp;ldquo;Книжник-рев&amp;rsquo;ю&amp;rdquo;, присвяче&amp;shy;них різним сторонам редагування українських текстів. Бесіди ці у популярній формі розв&amp;rsquo;язують низку склад&amp;shy;них питань, які виникають перед редактором у його праці з укра&amp;shy;їнськими текстами. Легкість та доступність викладу робить зміст бесід своєрідним вступом до редак&amp;shy;торської професії і може пра&amp;shy;вити за дороговказ для тих, хто ще не є редактором, але планує бути ним у майбутньому.', '3', '2008-09-16', '2015-04-04', '9408', 'do%20zir%20kriz%20ternja.jpg', '30', '1', '0');
INSERT INTO `books` VALUES ('105', 'Остап-Мар\'ян Савчинський:  З рушницею у лісі', 'Любов до природи, до полювання Остап Савчинський перейняв від батька Льва, лісничого, який усе своє життя працював у лісовому господарстві. Гортаючи сторінки оповідання «З рушницею у лісі» читач помандрує численними дорогами пройденими Остапом Савчинським під час полювань у Галичині (довоєнний період), у Словаччині і Німеччині (під час війни), та у США (у післявоєнний період).\r\nУ збірці оповідань автор спробував записати все, що стосується полювання, переживання людини, що не раз в обличчі небезпеки шукає розради в полюванні.\r\nМайже всі спомини мисливські чи риболовецькі вміщають картини описів природи у різних порах року, дня й ночі.<br />\r\nВ оповіданнях освітлені окремі біографічні моменти з життя автора.<br />\r\n\r\n\r\n<p>Наявність: -\r\n\r\n', '9', '2008-12-26', '2010-04-16', '6696', 'z%20rushnyceju.jpg', null, null, '0');
INSERT INTO `books` VALUES ('106', 'Остап-Мар\'ян Савчинський:  Спогади', ' Остап-Мар\'ян Савчинський<br /><br />\r\n208 с.<br /><br />\r\n\r\nКнига містить автобіографічні спогади Остапа-Мар’яна Львовича Савчинського – відомого пластового діяча загону “Червона Калина”, колишнього середньо-шкільного учителя, фізкультурника, мисливця, аматора-маляра та редактора й адміністратора українського неперіодичного журналу у Нью-Йорку – “Квітучі береги”.<br />\r\n\r\n\r\n<p>Наявність: -\r\n\r\n', '9', '2008-12-26', '2010-04-16', '7100', 'spogady.jpg', null, null, '0');
INSERT INTO `books` VALUES ('107', 'Від майстерні – до велета', 'Ця книга присвячена 145-річчю з дня заснування Львівських залізничних майстерень І класу. Нині – ВАТ «Львівський локомотиворемонтний завод». Вони пройшли шлях від початку творення, через бурхливі роки війни, післявоєнної відбудови, докорінної реконструкції – до сьогоднішніх днів незалежності України.<br/>Різноманітному ілюстрованому матеріалу ця робота завдячує знімкам із заводського архіву, старим фотографіям, які вміщені в альбомах і зберігаються у науковій бібліотеці ім. В. Стефаника, архівним документам, взятих у ЦДІА України у Львові.<br/>Книга розрахована на широке коло читачів.', '3', '2008-12-26', '2008-12-29', '6950', 'pojizd.jpg', null, '', '0');
INSERT INTO `books` VALUES ('108', 'Стерьепулу Ап. Элени: Введение в сюрреализм', ' 144 с.Перевод с греческого.В книге предпринимается попытка введения в Сюрреализм, авангардистское движение возникшее в первой половине 20 века. Рассматриваются исторические основы сюрреализма, его значение в формировании современной восприимчивости, основные положения и направления, а так же его влияние на все виды современного искусства.Наявність: +Ціна: 30 грн.\r\n\r\n', '3', '2008-12-26', '2012-09-21', '7913', 'surrealizm.jpg', null, null, '0');
INSERT INTO `books` VALUES ('109', 'Мій світ', 'Живопис. Альбом.<br/>Андрій Ліпатов закоханий у життя. Він бачить у ньому теплі фарби та світлі ноти. І світ, часом суворий, невиразний, набридливий своєю повсякденністю, розквітає та оживає під його пензлем. Починає грати, співати, веселитися, перетворюється на свято, карнавал, жартівливий скетч. Це світ дитячих казок і снів, нездійснених бажань та мрій, чарівних перетворень та подорожей у часі, де художник виступає у ролі чарівника.', '10', '2008-12-29', '2012-12-28', '7888', '1-obl-my%20world.jpg', null, '0', '0');
INSERT INTO `books` VALUES ('116', 'Англо-український словник з українською транскрипцією, 2-ге видання', 'Видання друге, перероблене та доповнене<br/><br/>Цей словник виходить другим виданням, переробленим та доповненим. Він зосереджує увагу на одному з найважчих аспектів вивчення англійської мови – читанні та вимові слів. Запропоновано оригінальну систему тран¬скрипції звуків англійської мови українськими літерами й подано таблицю її відповідності знакам міжнародної фонетичної транскрипції. Словник містить близько 7000 найуживаніших слів англійської мови і має покажчик українських слів (понад 3000), яким можна користуватися як українсько-англійським словничком.<br/>Розразований на всіх, хто вивчає англійську мову.<br/>Приймаємо попередні замовлення', '11', '2009-03-12', '2009-03-12', '65', '', null, '', '0');
INSERT INTO `books` VALUES ('117', 'Секрети української мови', '“Секрети української мови” – це популярна розповідь про самобутні риси української мови, зачесані під канцелярську гребінку під дією асиміля-торських заходів. Автор розглядає всі галузі “мовного господарства”, зачеплені руйнацією: орфоепію, лексику, словотвір, правопис і частково граматику. Описано методи, застосовувані для упослідження українського слова. Наведено поради, як долати дискримінаційну спадщину минулого. Велику увагу приділено невикористаним можливостям українського словотвору. Додано словнички шель¬мованої, упослідженої та безпідставно занедбаної української лексики.<br/>“Секрети української мови” розраховано на широке коло шанувальників рідного слова від школярів до державних діячів.', '3', '2009-03-12', '2017-01-20', '8871', 'sekrety.jpg', '100', '1', '0');
INSERT INTO `books` VALUES ('119', 'Органічна хімія', '\r\nЧирва В. Я., Ярмолюк С. М., Толкачова Н. В., Земляков О. Є. \r\n996 с.\r\n\r\n\r\n\r\nВикладено основи сучасної органічної хімії. Розглянуто теоретичні питання основ природи хімічного зв’язку, будову та реакційну здатність органічних молекул з урахуванням впливу електронних факторів на перебіг хімічних реакцій. Наведено сучасні промислові та лабораторні методи одержання основних класів органічних сполук, їхні фізичні та хімічні властивості. Описано механізми найважливіших хімічних реакцій. Значну увагу приділено питанням стереохімії та енантіомерії органічних молекул. Для характеристики органічних сполук широко використано спектральні методи, такі як УФ-, IЧ- і ПМР-спектроскопія. Взято до уваги рекомендації Української національної комісії з хімічної термінології і номенклатури.\r\nДля студентів-хіміків і біохіміків, а також спеціальностей з біології, фармації тощо та всіх, хто цікавиться органічною хімією.\r\nНаявність: - \r\n\r\n\r\n\r\n\r\n\r\n', '5', '2009-03-12', '2009-11-12', '8478', 'chem_org.jpg', null, null, '0');
INSERT INTO `books` VALUES ('120', 'Сюрпризи долі, або змагання між Аполлоном і Паном', 'Життя час від часу полюбляє дарувати нам сюрпризи. Добре, якщо вони<br/>приємні, проте частенько буває навпаки. Вже скоро полудень віку,<br/>кожний наступний день подібний до попереднього. І раптом зрада. Усе,<br/>що будувалося впродовж багатьох років, руйнується. Попереду прірва. Як<br/>її переступити? Як потрапити на інший бік? Відповіді на ці питання дає<br/>роман.', '9', '2009-03-26', '2012-02-29', '9108', 'sd3.jpg', null, '', '0');
INSERT INTO `books` VALUES ('122', 'Англо-український словник з українською транскрипцією, 2-ге видання', 'Цей словник виходить другим виданням, переробленим та доповненим. Він зосереджує увагу на одному з найважчих аспектів вивчення англійської мови – читанні та вимові слів. Запропоновано оригінальну систему транскрипції звуків англійської мови українськими літерами й подано таблицю її відповідності знакам міжнародної фонетичної транскрипції. Словник містить близько 7000 найуживаніших слів англійської мови і має покажчик українських слів (понад 3000), яким можна користуватися як українсько-англійським словничком.<br/>Розразований на всіх, хто вивчає англійську мову.<br/><br/><br/>Наявність:&amp;nbsp;+Ціна: 40 грн.', '6', '2009-04-07', '2017-01-20', '10884', 'fedor.jpg', null, '', '0');
INSERT INTO `books` VALUES ('125', 'Рассказ о мамонтенке', 'Перевод с греческого  Л. Акопяна   <br/>Мальчик Никос едет на каникулы к своему дяде Стратиусу в небольшой рыбацкий поселок на берегу Северного моря. Там он узнает много нового о жизни на Земле древних и очень интересных животных - мамонтов.<br/>Познавательная и красочная история для детей младшего и среднего школьного возраста.', '12', '2009-08-31', '2018-10-27', '6843', 'mamont4.jpg', null, '0', '0');
INSERT INTO `books` VALUES ('126', 'Аким и царь Тапир', 'Перевод с греческого  Л. Акопяна   Захватывающая и поучительная история о маленьком Акиме, который, желая научиться понимать язык зверей, покидает дом и уходит в джунгли. Там с ним происходят необычные события, он встречает новых интересных друзей – тапиров, замечательных и дружелюбных животных.<br/>Для детей младшего и среднего школьного возраста.', '12', '2009-08-31', '2018-10-27', '7339', 'tapir2.jpg', null, '0', '0');
INSERT INTO `books` VALUES ('129', 'Все про серце: Науково–популярний довідник клініки Мейо', '', '1', '2005-09-27', '2008-09-16', '1842', 'mayo.jpg', null, '', '0');
INSERT INTO `books` VALUES ('130', 'Фізіологія людини', 'Підручник / Переклад з англ. Наук. ред. перекладу М.Гжегоцький, В.Шевчук, О.Заячківська. У книзі детально описано механізми функціонування, регулювання та інтегрування діяльності всіх систем органів, біохімічне підґрунття і молекулярні основи життєдіяльності, діапазон реалізації функцій організму людини. Особливу увагу приділено результатам найновіших наукових досліджень, даним молекулярної біології та генетики. Своєрідністю книги є велика кількість клінічних прикладів та доповнень про можливі функціональні зміни організму здорової людини у різних станах і випадках розвитку патології. Книга є теоретичним і практичним виданням, яке допоможе у вивченні класичних фундаментальних основ фізіології, а також у повсякденній роботі лікаря. Для студентів, інтернів, аспірантів, викладачів медико-біологічних навчальних закладів, фізіологів, науковців та практичних лікарів.', '1', '2005-06-23', '2012-02-29', '2151', 'phizio.jpg', null, '0', '0');
INSERT INTO `books` VALUES ('131', 'Людина. Навчальний атлас з анатомії та фізіології', 'Переклад з англійської.Перше видання всесвітньо відомої книги &amp;ldquo;The Human Body&amp;rdquo; (A Dorling Kindersley Book) в українському перекладі. Розглянуті всі головні системи організму людини &amp;ndash; скелетна, м&amp;rsquo;язова, нервова, ендокринна, серцево-судинна, імунна, дихання, травна, сечовидільна, репродуктивна. Понад 1000 чудових кольорових ілюстрацій та докладні пояснення до них демонструють складну будову організму людини та роботу його систем і органів. Описані понад 150 захворювань та порушень функціонування систем організму людини &amp;ndash; їхні причини, симптоми, сучасні методи діагностики, а також способи лікування &amp;ndash; як медикаментозного, так і хірургічного. Адресований усім, хто вивчає медицину, а також тим, хто прагне краще пізнати найбільшу таємницю Всесвіту &amp;ndash; організм людини. Книга видана за підтримки: добродія Григорія Малиновського (США) проф. Володимира Бандери (США)', '1', '2005-06-23', '2008-09-17', '2446', 'ludyn.jpg', null, '', '0');
INSERT INTO `books` VALUES ('132', 'Мати і дитина, 4-те оновлене видання', 'Переклад з англ. Корисний практичний порадник для догляду за Вами і Вашою дитиною &amp;ndash; від зачаття до трьох років. Перша книга, яка крок за кроком навчить Вас доглядати свою дитину. Цілком оновлене видання з новим розділом про розвиток дитини та новими рекомендаціями щодо здорового харчування і безпеки. Запропоновано відверті реальні рішення щоденних проблем. Досконале ілюстроване видання з вичерпним покажчиком.', '1', '2008-09-16', '2010-03-19', '2399', 'm%26b_3ed.jpg', null, '0', '0');
INSERT INTO `books` VALUES ('133', 'Мати і дитина, 3-тє оновлене видання', 'Переклад з англ. Корисний практичний порадник для догляду за Вами і Вашою дитиною &amp;ndash; від  зачаття до трьох років. Перша книга, яка крок за кроком навчить Вас доглядати  свою дитину. Цілком оновлене видання з новим розділом про розвиток дитини та  новими рекомендаціями щодо здорового харчування і безпеки. Запропоновано  відверті реальні рішення щоденних проблем. Досконале ілюстроване видання з  вичерпним покажчиком. Дар добродія Григорія Малиновського матерям України.', '1', '2008-02-12', '2008-02-12', '2212', 'm%26b_3ed.jpg', null, '', '0');
INSERT INTO `books` VALUES ('135', 'Мати і дитина, 2-ге оновлене видання', 'Переклад з англ.Корисний практичний порадник для догляду за Вами і Вашою дитиною &amp;ndash; від зачаття до трьох років. Перша книга, яка крок за кроком навчить Вас доглядати свою дитину. Цілком оновлене видання з новим розділом про розвиток дитини та новими рекомендаціями щодо здорового харчування і безпеки. Запропоновано відверті реальні рішення щоденних проблем. Досконале ілюстроване видання з вичерпним покажчиком.Дар добродія Григорія Малиновського матерям і студентам України.Наявність: Додаткова інформація: у наявності 4-те оновлене видання книги.', '1', '2005-09-06', '2008-12-25', '2031', 'matydytyna.jpg', null, '', '0');
INSERT INTO `books` VALUES ('136', 'Мати і дитина', 'Переклад з англ. Корисний практичний порадник для догляду за Вами і Вашою дитиною &amp;ndash; від зачаття до трьох років. Перша книга, яка крок за кроком навчить Вас доглядати свою дитину. Цілком оновлене видання з новим розділом про розвиток дитини та новими рекомендаціями щодо здорового харчування і безпеки. Запропоновано відверті реальні рішення щоденних проблем. Досконале ілюстроване видання з вичерпним покажчиком.', '1', '2005-07-27', '2008-09-17', '2223', 'matydytyna.jpg', null, '0', '0');
INSERT INTO `books` VALUES ('137', 'Антологія біоетики', 'За ред. Ю.І.Кундієва. 528 стор. У книгу війшли доповіді, які були представлені на Першому Національному конгресі з біоетики, що проходив 17-21 вересня 2001 року в м.Києві. У статтях висвітлені світоглядні та філософські, правові та законодавчі аспекти біоетики, біоетичні проблеми медичної генетики та репродукції людини, деонтологічні проблеми в клінічній медицині, в трансплантології, біоетичні аспекти клінічних випробувань нових медичних препаратів та технологій, питання експериментів на тваринах, охорони довкілля, роботи етичних комітетів, проблеми викладання біоетики. У цій книзі опублікований один із результатів роботи Конгресу - проект Етичного кодексу лікаря України. Однак ця книга є не тільки збіркою доповідей Конгресу, вона має більш вагоме значення, її по суті можна вважати антологією біоетики. Для широкого кола читачів: науковців, лікарів, філософів, правознавців, екологів, студентів вищих навчальних закладів та ін.', '1', '2005-06-23', '2008-09-17', '1871', 'antolohija.jpg', '30', '1', '0');
INSERT INTO `books` VALUES ('138', 'Траволікування захворювань щитовидної залози', 'Розглянуто причини захворювань щитовидної залози, дано рекомендації щодо оптимального харчування, профілактики захворювань, у рецептурній частиніф наведено рецепти та дозування настоїв і відварів стосовно до хвороби. Для лікарів-фітотерапевтів, фармацевтів і читачів, які цікавляться традиційною медициною.', '1', '2005-06-23', '2008-09-17', '2059', 'travolik.jpg', null, '0', '0');
INSERT INTO `books` VALUES ('139', 'Лікування рослинами (фітотерапія).', 'У довіднику наведені фіторецепти фірми &amp;ldquo;Фармафітон&amp;rdquo;.Уперше в практиці фітотерапії подано науково обґрунтовану методику розрахунку і складання рецептів, визначення терапевтичної дози лікувальної рослини. Описано застосування рослин для захисту від радіації. Для лікарів-фітотерапевтів, фармацевтів і читачів, які цікавляться народною медициною.Книга видана за підтримки Галка Лтд.', '1', '2005-06-23', '2008-09-17', '2261', 'likrosl.jpg', null, '0', '0');
INSERT INTO `books` VALUES ('141', 'Три чесноти, або казка про оріхалк', 'Мешканці Краю провадять сіре, нецікаве, сповнене фальші життя. Як повернути<br/>колишню славу батьківщині, що потонула у мороці забобонів? Чи може одна<br/>людина вплинути на перебіг подій? Що треба зробити кожному задля покращення<br/>життя в країні? Відповідь на ці та інші запитання дає роман-феєрія &quot;Три<br/>чесноти, або казка про оріхалк&quot;.<br/><br/>&amp;quot;Три чесноти, або казка про оріхалк. 2-ге видання&amp;quot;', '9', '2010-03-18', '2012-09-17', '7978', '3chesnoty.jpg', null, '0', '0');
INSERT INTO `books` VALUES ('142', 'Народжена у джерелі, або шлях від царства до корони', 'Багато таємниць ховає в собі земля. Де народжуються чудодійні джерела? Лише в єдності з природою людина може відповісти на одвічне запитання: “Хто вона і для чого прийшла в цей світ”. У романі “Народжена в джерелі, або шлях від Царства до Корони” описано нелегку долю молодої співачки. Втрачено все. Попереду безвихідь. Однак завдяки силі мистецтва героїні вдається підняти голову, йти далі й одягти корону.<br/>Художнє оформлення - Маркіян Коссак', '9', '2012-01-17', '2018-07-23', '8235', 'dzerelo1.jpg', '50', '1', '0');
INSERT INTO `books` VALUES ('143', 'Цілющі рослини України', 'Цілющі рослини України. У книзі систематизовано й описано 872 рослини України, що мають цілющі властивості – регіональні народні назви, склад, засади збирання та зберігання. Наведено рецепти і методи народної медицини лікування різних недуг. <br/>Для всіх, хто цікавиться народною медициною.', '3', '2011-12-19', '2015-04-04', '11982', 'likroslyny1.jpg', '220', '1', '0');
INSERT INTO `books` VALUES ('147', 'Катарсис, или что хочу, то и делаю', 'Как стать свободным человеком? Как сделать правильный выбор в жизни? Что нужно сделать, чтобы прожить полноценную жизнь? Оказывается не так уже и много - нужно всего лишь углубиться в себя и ответ найдется. Он, этот ответ, всегда рядом с нами. Наш мир прост и идеален. Чтобы стать счастливым, нужно всего лишь понять главные его законы. В книге автор пытается дать ответ на эти сокровенные вопросы.<br/>Перевод книги &amp;quot;Очищення, або роблю, що хочу&amp;quot;.', '9', '2010-04-01', '2018-07-23', '9507', 'katarsis2.jpg', '50', '1', '0');
INSERT INTO `books` VALUES ('148', '-------------------------------', 'Спогади про композитора Ігора Соневицького.<br/>Наявність: -', '3', '2010-05-06', '2018-10-27', '6466', 'sonevmemory1.jpg', null, '', '0');
INSERT INTO `books` VALUES ('149', 'Книга-журнал одного автора', '“Книга-журнал одного автора” – новий вид друкованої продукції: у форматі книги здійснено видання, яке має всі ознаки журналу за винятком того, що всі матеріяли книги-журналу належать одному автору. Книга-журнал містить твори різних жанрів, що їх звичайно публікують журнали: поезію, прозу, публіцистику, гумор тощо, і це все одного автора. Цю книгу-журнал зладив С. Караванський. Книгу-журнал розраховано на шанувальників українського слова, зокрема читачів літературних журналів.', '9', '2010-08-05', '2017-01-20', '7874', 'karavan_zhurnal.jpg', null, '', '0');
INSERT INTO `books` VALUES ('151', 'Основи біохімії за Ленінджером', 'Основи біохімії за Ленінджером.  <br/>1280 стор.Посібник / Переклад з англ. Наук. ред. перекладу С.Комісаренко. <br/>Перше українське видання сучасного найпопулярнішого підручника з біологічної хімії Дейвіда Нельсона та Майкла Кокса, що є оновленою версією книги видатного американського вченого та викладача Альберта Ленінджера. Саме за підручниками цього автора, починаючи з 70-х років ХХ ст., готують фахівців у навчальних закладах біологічного, медичного, фармацевтичного та аграрного профілів практично в усіх країнах світу. Значення такої підготовки особливо важливе з огляду на інтенсивний розвиток нових наукових галузей – молекулярної біології, біотехнології, медичної біохімії та біоінформатики, основою яких є біохімія.<br/>Для студентів, аспірантів, викладачів та науковців з різних природничих дисциплін – біології, хімії, медицини, фармакології, ветеринарії та агрономії.', '5', '2015-08-17', '2017-01-20', '8119', 'bio_2.jpg', '2700', '1', '0');
INSERT INTO `books` VALUES ('155', 'Тиха музики молитва', '\r\n\r\n\r\nСпогади про композитора Ігора Соневицького.\r\nНаявність: +Ціна: 40.00 грн. ', '3', '2010-05-07', '2010-05-07', '1', 'sonevmemory1.jpg', null, null, '0');
INSERT INTO `books` VALUES ('156', 'Тотем скальних соколів', 'Суміш реальности, фантазії, сновидінь і міту від початків історії до сучасности.', '9', '2010-06-29', '2017-01-20', '8861', 'totem1.jpg', '30', '1', '0');
INSERT INTO `books` VALUES ('158', 'Екологічна етика', '\r\n\r\nБерезюк Д.О., Мальований М.С., Дячок В.В., Ятчишин Ю.Й. \r\n268 с.\r\n\r\nУ посібнику, побудованому у відповідності з навчальною програмою, затвердженою Міністерством освіти і науки України, коротко викла¬дено питання курсу «Екологічна етика». Крім цього розглянуто питання предмету етики та особливостей функціонування моралі, розглянуто етичні категорії особистості, спілкування та відношення різних релігій до охорони навколишнього природного середовища, екологічні традиції українців та екологічні рухи в світі. Матеріали посібника викладено в популярній формі, де автори звертаються до відомих фактів та цікавих аналогій з історії. Навчальний посібник можна рекомендувати не тільки студентам та аспірантам екологам, а всім небайдужим до теми екології та моралі.\r\n\r\nНаявність: - \r\n\r\n', '5', '2010-06-30', '0000-00-00', '6739', 'ekoetyka1.jpg', null, null, '0');
INSERT INTO `books` VALUES ('160', 'Чаруся', 'Собаки, мабуть, не просто улюблені тварини, а й найвідданіші друзі. Недарма кажуть: собака – друг людини – це правда. Саме про цю прекрасну дружбу йде мова.<br/>Для середнього шкільного віку.', '12', '2010-09-19', '2015-04-04', '6692', 'charusia.jpg', '20', '1', '0');
INSERT INTO `books` VALUES ('161', 'Мережа', 'Спогади. Фотодокументи. Бібліографія останніх років.', '9', '2011-03-06', '2015-04-04', '7754', 'merezha1.jpg', '30', '1', '0');
INSERT INTO `books` VALUES ('166', 'Бланік відчиняє двері', 'Життя і Смерть завжди поруч – дві нерозривні частини вічного Буття. Час для кожного летить нестримно, безкомпромісно вносить свої корективи і в таємні сподівання, і відверті прагнення. Непомітно минає день за днем. За плечима залишаються літа за літами. Що далі? Невже усі роки минули даремно? У чому був їх сенс? Як прожити життя, щоб, оглядаючись на нього, не очікувати смерть із тремтливим жахом чи соромом? <br/>Відповіді на ці запитання можна знайти в романі “Бланік відчиняє двері”.', '9', '2010-11-08', '2018-07-23', '7633', 'blanik2.jpg', '50', '1', '0');
INSERT INTO `books` VALUES ('170', 'Акахорі Іто: Павутиння. Збірка хокку.', '  \r\nАкахорі Іто  64 с.\r\n\r\nДумки, емоції, настрої, сплетені павутинням слів, таких коротких та довгих, таких безмежних та лаконічних водночас... Проте головні не слова, а саме настрої, емоції, думки, котрі заволоділи тобою... І ти занурюєшся в них, відчуваючи їх кожним атомом, кожною клітиною. \r\nЗбірка хокку, віршових мініатюр про плинне та про вічне.\r\n\r\nНаявність: -\r\n\r\n\r\n', '9', '2010-12-08', '2010-12-08', '5848', 'pavutyna1.jpg', null, null, '0');
INSERT INTO `books` VALUES ('173', 'Katharsis, oder was ich will, das tue ich', 'Wie wird man ein freier Mensch? Wie trifft man im Leben die richtige Wahl? Was muss man tun, um ein vollwertiges Leben zu leben? Es zeigt sich, dass gar nicht so viel dazu n&amp;#246;tig ist – man muss lediglich in sich hineinhorchen und<br/>die Antwort findet sich dort. Sie, diese Antwort, ist immer ganz nahe bei uns. Unsere Welt ist einfach und wunderbar.<br/>Um gl&amp;#252;cklich zu werden, muss man nur ihre wesentlichen Gesetze verstehen lernen. In dem Buch versucht die Autorin eine Antwort auf diese geheimen Fragen zu geben.<br/> <br/>Переклад на німецьку мову книги &amp;quot;Очищення, або роблю, що хочу&amp;quot;.<br/>Переклад Інгебург Голлос (Австрія).', '9', '2011-03-15', '2015-02-07', '8012', 'katarsis1.jpg', '55', '1', '0');
INSERT INTO `books` VALUES ('174', 'Знамено', 'Мистецьке оформлення - Зоя Лісовська. 520 с.У книзі Україна і світ загорнені в міти, сни, видіння, що кидають свої персонажі у різноманітні життєві нюанси: жах, чужинність, самотність, надію, героїзм,<br/>любов, красу, одухотворення. Авторка вірить у принцип добра в людині і всесвітній плян<br/>Творця.', '9', '2011-04-08', '2015-02-07', '6927', 'znameno1.jpg', '60', '1', '0');
INSERT INTO `books` VALUES ('179', 'Очищення, або роблю, що хочу, 3-тє вид.', 'Третє видання<br/>Як стати вільною людиною? Як зробити правильний вибір у житті? Що потрібно, щоб прожити повноцінне життя? Виявляється, не так вже й багато - треба лише заглибитися в себе, і відповідь знайдеться. Вона, ця відповідь, завжди поруч з нами. Наш Світ простий, досконалий і справедливий. Щоб бути щасливим треба лише зрозуміти його основні закони. В книзі автор намагається дати відповідь на ці сокровенні питання.<br/>Художнє оформлення - Маркіян Коссак', '9', '2011-06-08', '2018-07-23', '6872', 'ochyshchennya3.jpg', '50', '1', '0');
INSERT INTO `books` VALUES ('181', 'Зібрання творів. Том 1.', 'Том 1. Оповідання з народних уст <br/> Упоряд. В. Шендеровський, В. Яременко.  <br/><br/>Ганна Барвінок – літературне ім’я Олександри Михайлівни Білозерської-Куліш (1828–1911). Перша письменниця нової української літератури, чільна представниця літератури етнографічного реалізму, «поет жіночого горя», як назвав її Борис Грінченко, який за життя письменниці (1902) видав єдину збірку із 30 оповідань «З народних уст». В останні роки життя Ганна Барвінок опублікувала ще близько двох десятків оповідань, залишилась чимала рукописна спадщина.<br/>Це перше найповніше видання спадщини письменниці у двох томах. До першого тому ввійшли художнi твори, до другого – спогади, листування та лiтературознавчi працi про письменницю.<br/>Видання адресоване широкому загалу читачів.', '9', '2011-10-17', '2015-04-04', '6971', 'barvinok.jpg', '100', '1', '0');
INSERT INTO `books` VALUES ('182', 'Зібрання творів Ганни Барвінок. Том 2.', 'Повне зібрання творів Ганни Барвінок у двох томах.', '11', '2011-05-23', '2011-08-05', '5754', '', null, '', '0');
INSERT INTO `books` VALUES ('183', 'Практичний англо-український словник фразеологічних синонмів', '“Практичний англо-український словник фразеологічних синонімів” показує фразеологічне багатство англійської та української мов, є практичним виданням. Тому він може задовольнити широкі потреби цільової аудиторії. Словник допоможе носіям англійської і української мов, глибше зрозуміти та засвоїти паралельні фразеологічні структури, яких немає в інших словниках. Містить близько 19 000 фразеологічних одиниць. Головними гаслами, є крилаті вислови відомі імена літературних героїв, назви популярних книжок та кінострічок, а також вислови, що вживаються у мовленні.<br/>Словник розрахований для професіоналів та широкого кола читачів, не байдужих до мови.', '6', '2011-08-04', '2015-04-04', '7197', 'bereza.jpg', '90', '1', '0');
INSERT INTO `books` VALUES ('184', 'Практичний англо-український словник фразеологіч¬них синонімів', '“Практичний англо-український словник фразеологічних синонімів” показує фра¬зео¬¬логічне багатство англійської та української мов, є практичним виданням. Тому він може задовольнити широкі потреби цільової аудиторії. Словник допоможе носіям англій¬ської і української мов, глибше зрозуміти та засвоїти паралельні фразео¬ло¬гічні струк¬ту¬ри, яких немає в інших словниках. Містить близько 19 000 фразеоло¬гіч¬них одиниць. Головними гаслами, є крилаті вислови відомі імена літературних героїв, назви попу¬ляр¬них книжок та кінострічок, а також вислови, що вживаються у мовленні.<br/>Словник розрахований для професіоналів та широкого кола читачів, не байдужих до мови.', '11', '2011-08-04', '0000-00-00', '3', '', null, '', '0');
INSERT INTO `books` VALUES ('185', 'Студенти. Карпати.', 'П’єса “Студенти” створена на основі авторського педагогічного досвіду, в одному з найбільших університетів України – Національному університеті “Львівська полі¬техніка”. Відображена студентська молодь, яка дуже здібна та працьовита, з якою вести педагогічний процес є справою не лише честі, але й великої внутрішньої радості. <br/>У п’єсі “Карпати” на основі архівних матеріалів представлено українські Карпати в різні періоди історії: повстання Олекси Довбуша, та інших героїв за незалежність України, зародження Національного руху в різні часові періоди, перехід однієї частини Української Повстанської Армії (УПА) з архівам на Захід.', '9', '2011-09-06', '2011-09-15', '5146', 'leshchuk.jpg', null, '0', '0');
INSERT INTO `books` VALUES ('188', 'Практичний словник синонімів української мови', 'Четверте видання, опрацьоване і значно доповнене. Близько 20 000 синонімічних рядів.', '11', '2011-10-17', '0000-00-00', '1', '', null, '', '0');
INSERT INTO `books` VALUES ('189', 'Практичний словник синонімів української мови, 4-те вид.', '4-те вид., опрацьоване і значно доповн.Близько 20 000 синонімічних рядів. Практичний словник синонімів української мови &amp;ndash; це лексикографічний довідник для підшукування синонімів, тобто слів з однаковим чи при&amp;shy;близно однаковим значенням. Лексика словника охоплює всі сфери людської діяльности, надаючи користувачам широкий вибір можливих синонімів та варіянтних форм. Крім твердо запроваджених у практику лексичних одиниць, словник фіксує також рідковживані та безпідставно занедбані терміни й вирази української мови. Подекуди цитовано й оказіоналізми: новотво ри та слова-пропозиції. Словник послуговується правописом 1928 р., але наводить і форми усталені колоніяльним правописом.  Словник адресовано широкому колові читачів: від учнів до державних діячів.', '6', '2012-04-19', '2015-04-04', '7538', 'synonimy4.jpg', '100', '1', '0');
INSERT INTO `books` VALUES ('191', 'Чар-писанка', 'Чар-писанкаУ книзі зібрані казки, легенди, та оповідання різноманітноїтематики, лауреата Шевченківської премії – ВіриВовк, які не залишать байдужим читачів різноговіку. Авторка намагається донести до кожного всю світлість та позитив дитячих мрій. Книга адресована дітям шкільного віку, та усім хто цікавиться творчістю письменниці.', '12', '2012-01-23', '2017-01-20', '7603', 'charpysanka.jpg', '35', '0', '0');
INSERT INTO `books` VALUES ('216', 'Тут і там, або стежка між Парнасом і Олімпом. Три чесноти, або казка про оріхалк', 'Кожен з нас приходить сюди з особливою метою і має унікальне завдання, яке потрібно втілити<br/>упродовж життя. Більшість людей від народження і до кінця своїх днів перебувають в стані лялечки і не<br/>здогадуються, що їх покликанням є перетворитися на метелика. Що для цього потрібно? Відповідь проста – зробити впевнений неординарний крок, який розірве усі перепони на шляху до щастя.<br/>Відповіді на ці одвічні запитання Ви знайдете у цих романах-феєріях. Книга адресована для широкого кола читачів.<br/>Художнє оформлення - Маркіян Коссак', '9', '2012-04-23', '2018-07-23', '7084', 'eg_tut%2B3b.jpg', '80', '1', '0');
INSERT INTO `books` VALUES ('217', 'Сатирикон', 'Сатира веселим тоном розгортає викривлену<br/>картину дійсності. Вона сміється одним, і плаче<br/>другим оком. Сатиричні вірші Віри Вовк споріднені<br/>з афоризмами.', '9', '2012-08-06', '2017-01-20', '6703', 'vvpoezia1.jpg', '30', '1', '0');
INSERT INTO `books` VALUES ('218', 'Зеніт', 'Лірика Віри Вовк – віддзеркалення різноманітних<br/>переживань, уявлень, радощів і стаждань<br/>людини<br/>в чужинному, хоч і прекрасному світі.<br/>Авторка відчуває себе “паперовим орлом, прив’язаним<br/>до землі тільки мотузкою у жмені дитини”.', '9', '2012-08-06', '2017-01-20', '7064', 'vvpoezia2.jpg', '30', '1', '0');
INSERT INTO `books` VALUES ('220', 'Звідки пішла єсть московська мова або шила в мішку не сховаєш', 'Питанням походження мов цікавились та цікавляться і науковці і ненауковці. Навколо цього питання попрацювали і щирі вчені й далекі від науки любителі. Тому у цій галузі немає твердих, усталених поглядів. Автор цієї розвідки висловлює на підставі живих фактів і якнайдоступнішою мовою свій погляд на походження однієї із світових мов – російської мови, історично відомої, як московська мова. Розвідку розраховано на широке коло читачів від учнів та студентів до державних діячів.<br/>Друге виправлене видання з додатком &quot;Галицька складова московської мови&quot;', '3', '2012-09-12', '2014-10-14', '5835', 'karavanskyi_mos_mova2.jpg', null, '0', '0');
INSERT INTO `books` VALUES ('222', 'Ave Eva', 'В романтичній новелі “AVE EVA” , події якої розгортаються в міжвоєнному Львові, легко зауважити цілісність світів, які є нероздільною частиною Великої Єдності. Кожна причина має свій наслідок і навпаки. Тому, які б Доля не дарувала сюрпризи, не варто засмучуватися.<br/>Пам’ятаймо, що найбільшим Даром Божим є Життя. Крапки ж не буває, хоча інколи її ототожнюють зі Смертю. Але й це ілюзія! Подивімося на все з погляду вічності: крапка є<br/>лише проекцією нескінченного тире у цей простір.<br/><br/>Це унікальне двомовне видання - одночасно українською і польською мовами.<br/><br/>Переклад на польську мову Ольги Кіх (Ягеллонський університет).<br/><br/>Художнє оформлення - Маркіян Коссак.', '9', '2012-09-12', '2017-01-20', '7238', 'evagata_ave_eva2.jpg', '50', '1', '0');
INSERT INTO `books` VALUES ('223', 'Тихон Лещук: Школа', 'У романі-епопеї “Школа”, який складається з семи книг, представлено чотири покоління людей у розвитку. Сюжет обєднаний одними персонажами та деякими епохами подій, що відбуваються переважно в одному місті. <br/>Рекомендується для всіх тих, хто вчився, хто працює, або вчиться чи працює у школі. Читається роман легко і зрозуміло.', '9', '2012-08-22', '2012-08-23', '4882', 'leshchuk2.jpg', null, '0', '0');
INSERT INTO `books` VALUES ('230', 'Казки і містерії', 'КАЗКИ і МІСТЕРІЇ Віри Вовк побудовані на народних українських<br/>віруваннях, звичаях і розповідях. При сценічних постановках проситься<br/>не вживати баяна ні акордеона.', '12', '2013-03-27', '2017-01-20', '6362', 'kazky%20i%20misterii.jpg', '35', '1', '0');
INSERT INTO `books` VALUES ('231', 'Живопис', 'Альбом. Полотна Галини Новоженець - це несподіване зіставлення невеликого формату та потужної внутрішньої напруги, реалізованої за допомогою виразних та оригінальних композиційних прийомів, активного зіставлення кольорів і тонів, безперервного, іноді химерного переплетення ліній, плям та фігур.', '10', '2013-01-08', '2014-08-31', '5257', 'halyna%20novozhenets4.jpg', null, '0', '0');
INSERT INTO `books` VALUES ('234', 'Диптих', 'Повість „Спілкування з опалевим метеликом” – суміш дійсности й фантазії, показує, як метелик лікує людину від недуги праґматизму й песимізму, пропонуючи переображення. „Стислий” роман „Книга Естери” вільно побудований на однойменній розповіді з Старого Завіту й на „Персах” Есхіля. Подія розвивається з різних кутів бачення. Персонажі правлять за втілення ідей.', '9', '2013-03-26', '2017-01-20', '6377', 'dyptykh1.jpg', '30', '1', '0');
INSERT INTO `books` VALUES ('235', 'Музичні фрески', 'Події роману відбуваються в різні епохи і в різних країнах.<br/>На перший погляд, кожна з п’яти новел є окремою фрескою<br/>про кохання і музику. Та це лише уламок невідомого, значно<br/>більшого творіння, як і поодинокий музичний акорд, вирваний<br/>із загальної симфонії. Якщо уважніше пригледітися, то можна<br/>зауважити, що все у світі впродовж віків між собою тісно пов’<br/>язане,<br/>а імена головних героїв роману завжди означають<br/>“Життя” і “Дар Божий”. Що їм треба подолати, щоб нарешті<br/>пізнати справжнє щастя? Виявляється, не так уже й багато.<br/>Лише<br/>коли Мудрість переможе Гнів, сповнені любові серця<br/>віднайдуть одне одного і вже ніколи не розлучаться.', '9', '2013-03-22', '2018-07-23', '7060', 'muzychni%20fresky.jpg', '50', '1', '0');
INSERT INTO `books` VALUES ('236', 'Гумористичний самвидав', '«Гумористичний самвидав» – це збірка поширених в СРСР анекдотів, оброблених у віршованій формі колишнім в’язнем Ґулаґу. Збірка зацікавить усіх любителів гумору, а надто молоде покоління, незнайоме із сміховинним у своїй суті ’безкласовим’ суспільством Соловецького Союзу.', '9', '2013-05-17', '2015-04-04', '5846', 'cover_2.jpg', '30', '1', '0');
INSERT INTO `books` VALUES ('244', 'Рідна ріка', 'У романі показано історію рідної ріки, яка може бути типовою для різних ситуацій. У різні пори року, у різні стихії ріка завжди є другом людини. Водночас бачимо, якщо хтось бережливо ставиться до ріки, то вона його нагороджує і про нього ніколи не забуває.<br/>Читач на фоні опису ріки знайде в цьому романі долі різних людей. Проте всіх їх об’єднує рідна ріка.<br/>Роман призначений усім, хто любить життя.', '9', '2013-05-12', '2013-05-12', '4508', 'ridna_rika.jpg', null, '0', '0');
INSERT INTO `books` VALUES ('248', 'Лист до Героя пера - Марії Матіос', 'Ця збірка листів та статей автора стане у пригоді всім, хто цікавиться українською мовою та шляхами її відродження після сталінського мовного Голодомору. Читач знайде у цій збірці й низку інших  матеріялів на теми, які хвилюють сучасників. Збірку розраховано на широке коло читачів від учнів та студентів до державних діячів.', '3', '2013-09-04', '2017-01-20', '5425', 'lystdomm.jpg', '50', '1', '0');
INSERT INTO `books` VALUES ('249', 'Світ Адольфа Бека  очима Генрика Бека:  цілком неофіційно', 'До 150-річчя з дня народження професора Львівського університету Адольфа Бека: відомі та невідомі факти. Неопубліковані акварелі Генрика Бека та недосліджені документи, фотографії, матеріали Адольфа і Генрика Беків.', '3', '2013-08-29', '2013-08-29', '4642', 'adolfbeck_coversmall.bmp', '100', '1', '0');
INSERT INTO `books` VALUES ('255', 'Паломник', 'У пошуках краси й істини по світу, паломник, разом із своїми супутниками, переживає різні стадії душі: роз­чарування, недолю, несподіване щастя, гріх, покуту, роз­доріжжя різних ідей... Це – дорога через вершини й яруги життя до миру.', '9', '2013-09-06', '2017-01-20', '5659', 'vv2013.jpg', '30', '1', '0');
INSERT INTO `books` VALUES ('256', 'Човен на обрію', 'Проза. Спогади 2010-2013 рр. Унікальні світлини з архіву Віри Вовк.', '9', '2014-01-30', '2015-04-04', '5421', 'vv2014.jpg', '30', '1', '0');
INSERT INTO `books` VALUES ('258', 'Казки чарівного королівства Красолі', 'Призначення кожної людини - творити простір любові. Однак на Землі панують сім злих сестер: Гординя, Страх, Пожадливість, Брехня, Заздрість, Байдужість і Лінь. Вони підступно оповили людські душі темрявою і безжалісно руйнують матінку Землю. Мешканці казкового королівства Красолі - добрі чарівники і феї - вирушають на допомогу людям.<br/>Ілюстрації Ігоря Біликівського.', '12', '2014-01-30', '2018-10-27', '6127', 'eg2014a.jpg', '150', '1', '0');
INSERT INTO `books` VALUES ('259', 'Сучасне малярство Львова', 'Альбом відображає певний зріз сучас­но­го львівського малярства в усьому його роз­ма­їтті. Підґрунтя творять особистості, твор­чий шлях яких, на жаль, уже обірвався – Р.&amp;#8239;Се­ль­сь­кий, К.&amp;#8239;Звіринський, З.&amp;#8239;Флінта, О.&amp;#8239;Мінько. На­ступне гроно митців яскраво ілюструє різні, іноді діаметрально протилежні образо­творчі принципи та підходи – від яскраво ви­ра­женого експресіонізму (М.&amp;#8239;Безпальків, Б.&amp;#8239;Бу­ряк, С.&amp;#8239;Гай, М.&amp;#8239;Демцю, В.&amp;#8239;Патик, В.&amp;#8239;Рибо­тицький, М.&amp;#8239;Шимчук) до відверто експресив­­ного (В.&amp;#8239;Бажай) чи раціональнішого, естетизованого абстракціонізму (І. Янович), від емо­ційного образно-асоціативного сприй­няття світу (Р.&amp;#8239;Романишин) до його гли­бин­ого ра­ціонально-фі­лософського осмислення (А.&amp;#8239;Максименко, Л.&amp;#8239;Медвідь).', '10', '2014-08-25', '2015-06-30', '4851', 'holubets.jpg', '200', '1', '0');
INSERT INTO `books` VALUES ('267', 'Стати Сонцем', 'Людина приходить у цей світ творити свій унікальний всесвіт. Інколи видається, що обставини надто могутні, а людина безсила. Та це не так. Усе залежить лише від внутрішнього світогляду. Побудувати простір Любові можна, лише змінивши себе. Це цілком не складно, досить розширити власні горизонти, і тоді неподоланне стає нікчемним і мізерним.<br/>Книжка «Стати Сонцем» складається з оповідань про різних людей: зовсім юних, молодих, зрілих і літніх. Зробити крок назустріч Сонцю не пізно у будь-якому віці. Варто лише забажати, і осяяння неодмінно прийде.<br/>Ілюстрації Ігоря Біликівського.', '9', '2014-08-20', '2018-07-23', '5025', 'eg_staty_sontsem.jpg', '100', '1', '0');
INSERT INTO `books` VALUES ('268', 'Вогонь Купала', 'Кожен із трьох розділів книжки має своє власне обличчя: МАЙДАН створений у стилі історичного щоденника; ВОГОНЬ КУПАЛА – інтимна лірика в містичному одязі; ЗІ СКРИНІ ЗАБУТИХ ПРЕДКІВ – епічно-лірична розповідь на тлі ТІНЕЙ ЗАБУТИХ ПРЕДКІВ Коцюбинського. Авторка щедро черпає з криниці народної забутої лексики.', '9', '2014-10-06', '2017-01-20', '4625', 'wira%20bobk_capadura_cover_for%20print.jpg', '30', '1', '0');
INSERT INTO `books` VALUES ('269', 'Практичний словник синонімів української мови, 5-те видання', '5-те опрацьоване і доповнене видання.<br/>Понад 20 000 синонімічних рядів.<br/>Практичний словник синонімів української мови – це мовознавчий довідник для підшукування синонімів, тобто слів з однаковим чи приблизно однаковим значенням. Лексика словника охоплює всі царини<br/>людської діяльности, надаючи користувачам широкий вибір можливих<br/>синонімів та варіянтних форм. Крім твердо запроваджених у практику<br/>лексичних одиниць, словник фіксує також рідковживані та безпідставно<br/>занедбані терміни й вислови української мови. Подекуди цитовано й оказіоналізми: новотвори та слова-пропозиції. Словник послуговується двома правописами водночас: сучасним проколоніяльним правописом та<br/>правописом 1928 р. Читач має можливість вибору.<br/>Словник адресовано широкому колові читачів: від школярів до державних діячів.', '6', '2014-08-22', '2015-04-04', '4485', 'sv_slovnyk-5ed.jpg', '160', '1', '0');
INSERT INTO `books` VALUES ('270', 'Звідки пішла єсть московська мова або шила в мішку не сховаєш, 2-ге видання', 'Друге виправлене видання з додатком &quot;Галицька складова московської мови&quot;<br/>Питанням походження мов цікавились та цікавляться і науковці і ненауковці. Навколо цього питання попрацювали і щирі вчені й далекі від науки любителі. Тому у цій галузі немає твердих, усталених поглядів.<br/>Автор цієї розвідки висловлює на підставі живих фактів і якнайдоступнішою мовою свій погляд на походження однієї із світових мов – російської мови, історично відомої, як московська мова. Розвідку розраховано на широке коло читачів від учнів та студентів до державних діячів.', '3', '2014-08-26', '2017-01-20', '4170', 'sv-mosk-mova-2ed.jpg', '50', '1', '0');
INSERT INTO `books` VALUES ('271', 'Сучасне малярство Львова', 'Альбом', '11', '2014-08-21', '0000-00-00', '0', '', null, '', '0');
INSERT INTO `books` VALUES ('287', 'Ораторія хвали', '«Ораторія хвали» скомпонована у двох самостійних частинах: дійстві «Прелюдія» і ліричній «Ораторії», що огортає всесвіт людини. В «Ораторії хвали» вжито багато призабутих слів, значення яких додається у «Словнику» при кінці книжки.', '9', '2015-04-12', '2017-01-20', '4801', 'oratoryvv.jpg', '40', '1', '0');
INSERT INTO `books` VALUES ('288', 'Сучасна скульптура Львова', 'Альбом представляє певну панораму сучасної львівської скульптури. Її підґрунтя творить доробок митців, творчий шлях яких уже обірвався – Івана Севери, Сергія Литвиненка, Євгена Дзиндри, Еммануїла Миська, Теодозії Бриж, Богдана Романця. Наступна когорта художників яскраво ілюструє розмаїття нинішніх образотворчих підходів – Роман Гарбуз, Олег Капустяк, Петро Кулик, Іван Микитюк, Ярослав Мотика, Володимир Одрехівський, Роман Петрук, Віктор Проданчук, Петро Старух, Володимир Цісарик, Ярослав Юзьків, Василь Ярич.', '10', '2015-06-30', '2015-06-30', '3791', 'cover_lviv_sculpture_v1a.jpg', '250', '1', '0');
INSERT INTO `books` VALUES ('289', 'Сім таємниць королівства Красолі', 'Змагання між світлом і темрявою починає свій лік ще від початку віків. Хитрий Мор має намір заволодіти Всесвітом, знищити Простір Любові і розпалювати війни. Добрі чарівники і феї з королівства Красолі допомагають відважній сімці молодих людей розгадати прадавні таємниці, які ховає у своїх надрах Матінка Земля. Складні випробовування випадають на долю героїв, але їм вдається побороти усі труднощі, повернути в рідний край Правду, Пам’ять, Вдячність, Милосердя, Натхнення, Радість і, врешті решт, здобути Перемогу над підступним Мором. <br/><br/>Ілюстрації Ігоря Біликівського.', '12', '2015-08-11', '2018-10-27', '4268', 'eva_gata_7_tayemnyts_korolivstva_krasoli.jpg', '150', '1', '0');
INSERT INTO `books` VALUES ('295', 'Російсько-український словник складної лексики', 'Третє доповнене і виправлене видання.<br/>Словник містить коло 40 000 перекладів російських слів, граматичних<br/>форм та ідіом. Уперше в історії української лексикографії словник наводить переклади російських дієприкметників, утворюючи їх від кожного<br/>наведеного в реєстрі дієслова. Це форми типу воображающий, посвящающий, приобщающий, опоясывающий, смеющийся, развивающийся, стремящийся – лексика систематично не перекладена в наявних<br/>нормативних словниках. Поза тим, словник наводить відсутні у масових<br/>словниках переклади російських дієслів та інших граматичних форм, дає<br/>переклади фразеологічних зворотів, прислів’їв, крилатих виразів, цитат з<br/>літературних творів.<br/>Словник адресовано широкому колові читачів – від школярів до державних діячів.', '6', '2016-04-04', '2016-04-04', '3693', 'rus1.jpg', '160', '1', '0');
INSERT INTO `books` VALUES ('300', 'Коріння світла', 'Людські долі схожі на звивисті стежки лабіринту, які водять подо­рожнього в пошуках своєї мети. Хоча цей світ контрастів вічно ба­лансує між успіхом і втратою надії, на подорожнього завжди чекає безцінний дарунок, який отримає лише той, хто зуміє правильно скористатись попереднім досвідом. Книжка „Коріння світла” скла­дається з повісті та п’яти оповідань про різні людські долі. Ко­мусь вдалося вийти з лабіринту переможцем, комусь довелося за­три­матись, однак треба пам’ятати, що вихід завжди є.<br/>Обкладинка - живопис Еви Гати.', '9', '2016-04-13', '2018-07-23', '3218', 'eg_ks_1.jpg', '100', '1', '0');
INSERT INTO `books` VALUES ('301', 'Архітектура та система оборони Українських Карпат у княжу добу', 'У пропонованому читачеві виданні зібрано найважливіші публікації Михайла Рожка, які узагальнюють його багаторічні студії над архітектурою та системою оборони Українських Карпат у княжу добу. Попри наявність у книзі цілої низки дискусійних питань та, можливо, уже дещо застарілих інтерпретацій, спричинених сьогочасним поступом археології, тут подано важливі відомості про оборонні об’єкти карпатського регіону та розвиток середньовічного зодчества. Видання покликане привернути увагу наукового середовища до окреслених тут проблем та сприяти подальшому їх розв’язанню.<br/>Для археологів, архітекторів, істориків, краєзнавців, викладачів та студентів.', '3', '2016-06-18', '2016-06-19', '2417', 'rozhko.jpg', null, '0', '0');
INSERT INTO `books` VALUES ('305', 'Обираймо чесних Президентів!', 'Цю публікацію спрямовано на реальне покращання президентської влади в Україні через новий та глибоко демократичний процес обрання Президентів України.', '3', '2016-09-03', '2016-09-03', '2507', 'sk_2.jpg', '50', '1', '0');
INSERT INTO `books` VALUES ('313', 'Три поеми', 'У збірку ввійшли нові поеми: «Земля іскриста», «Гріх святости», «Ластів’яче перо».', '9', '2017-01-19', '2017-01-20', '3026', 'vv_3poemy.jpg', '40', '1', '0');
INSERT INTO `books` VALUES ('314', 'Ідіотизми сталінської ярижки у державній мові України', 'Пропонувану увазі читачів розвідку «Ідіотизми сталінської ярижки удержавній мові України» присвячено станові української мови післялінгвоцидних експериментів Москви з “наближення” нашої мови домови окупанта. Розглянуто низку прищеплених нам мовних ідіотизмів, які гальмують самостійний розвиток української мови і сприяють обмосковщенню українців, бо відтручують їх від користуваннярідною мовою.', '3', '2017-01-15', '2017-01-15', '2831', 'idiotyzmy_cover.jpg', '120', '1', '0');
INSERT INTO `books` VALUES ('315', 'Своєрідна абетка', 'У кожній оригінальній новелі збірки «Своєрідна абетка» всі слова починаються з однієї літери алфавіту.<br/>Автор плекає надію якнайповніше охопити абетку оригінальними новелами.<br/>У збірку також вміщено оповідання «Потрібний голос», «Гуцулка Ксеня», «В люди».', '9', '2017-02-03', '2017-02-04', '2057', 'lubava.jpg', null, '0', '0');
INSERT INTO `books` VALUES ('328', 'Вселенна містерія', 'Поема про життя, смерть і спасіння на взір середньо­віч­ного театру.', '9', '2018-01-21', '0000-00-00', '1451', 'vv2017.jpg', '40', '1', '0');
INSERT INTO `books` VALUES ('330', 'Усі дороги провадять до любові', 'У житті часто трапляються непередбачувані ситуації. Здається, уже нема на що сподіватися – смерть пильно вдивляється у вічі. Проте не завжди все так, як здається на перший погляд. Навіть найстрашніша недуга може стати благословенням, яке виводить з тупика. Вихід завжди є, і він неодмінно провадить до Любові.<br/>Обкладинка - живопис Еви Гати.', '9', '2018-07-23', '2018-11-23', '758', 'eg_usidorohy18.jpg', '100', '1', '0');

-- ----------------------------
-- Table structure for folders
-- ----------------------------
DROP TABLE IF EXISTS `folders`;
CREATE TABLE `folders` (
  `folder_id` int(11) NOT NULL AUTO_INCREMENT,
  `folder` varchar(100) DEFAULT NULL,
  `deleted` tinyint(1) NOT NULL DEFAULT '0',
  PRIMARY KEY (`folder_id`),
  UNIQUE KEY `folder_id` (`folder_id`,`folder`) USING BTREE
) ENGINE=InnoDB AUTO_INCREMENT=13 DEFAULT CHARSET=utf8;

-- ----------------------------
-- Records of folders
-- ----------------------------
INSERT INTO `folders` VALUES ('1', 'Медична література', '0');
INSERT INTO `folders` VALUES ('2', 'Захист iнформацiї в мережах', '0');
INSERT INTO `folders` VALUES ('3', 'Наукова та науково-популярна лiтература', '0');
INSERT INTO `folders` VALUES ('4', 'Порадник користувача персонального комп.', '0');
INSERT INTO `folders` VALUES ('5', 'Підручники та посібники для вузів', '0');
INSERT INTO `folders` VALUES ('6', 'Словники', '0');
INSERT INTO `folders` VALUES ('9', 'Художня література', '0');
INSERT INTO `folders` VALUES ('10', 'Мистецтво', '0');
INSERT INTO `folders` VALUES ('11', 'Готуються до видання', '0');
INSERT INTO `folders` VALUES ('12', 'Дитяча література', '0');

-- ----------------------------
-- Table structure for news
-- ----------------------------
DROP TABLE IF EXISTS `news`;
CREATE TABLE `news` (
  `news_id` int(11) unsigned NOT NULL AUTO_INCREMENT,
  `header` varchar(100) CHARACTER SET cp1251 DEFAULT '',
  `content` mediumtext CHARACTER SET cp1251,
  `date` date DEFAULT '0000-00-00',
  `hits` int(11) unsigned DEFAULT '0',
  `deleted` tinyint(1) NOT NULL DEFAULT '0',
  PRIMARY KEY (`news_id`)
) ENGINE=InnoDB AUTO_INCREMENT=336 DEFAULT CHARSET=utf8;

-- ----------------------------
-- Records of news
-- ----------------------------
INSERT INTO `news` VALUES ('2', 'Сайт оновлено', 'Вітаємо на оновленому сайті Видавництва &laquo;БаК&raquo;. Тут Ви зможете знайти багато актуальних книг, дізнатися розташування та останні новини видавницва. <br />', '2005-06-23', '957', '0');
INSERT INTO `news` VALUES ('3', '12-й Форум видавців у Львові', '15-18 вересня 2005 р. Запрошуємо відвідати наш стенд №455 (3-й поверх) на Форумі видавців у Львові.', '2005-09-06', '1740', '0');
INSERT INTO `news` VALUES ('4', '12-й Форум видавців у Львові. Презентації', '17 вересня 2005 року о 14 год. в Етнографічному музеї відбудеться презентація нових книг видавництва:<br /><br />1. <a href=\"http://www.bak.lviv.ua//index.php?option=com_content&amp;task=view&amp;id=62&amp;Itemid=7\">Екологічні катастрофи в Україні та світі</a> (автори Дмитро Зербіно та Мечислав Гжегоцький);<br /><br />2. <a href=\"http://www.bak.lviv.ua//index.php?option=com_content&amp;task=view&amp;id=63&amp;Itemid=10\">Все про серце</a>: Науково-популярний довідник клініки Мейо. Пер.з англ. Наук. ред. перекладу В.Крижанівський.<br /><br />', '2005-09-06', '956', '0');
INSERT INTO `news` VALUES ('5', 'Презентація', '30 вересня о 18.45 в Українському Інституті у Великій Британії (79 Holland Park, London) відбудеться презентація книги<br /><br /><a href=\"http://www.bak.lviv.ua//index.php?option=com_content&amp;task=view&amp;id=49&amp;Itemid=7\">Перша українська композиторка</a> (автор С.Павлишин).<br /><br />', '2005-09-29', '1000', '0');
INSERT INTO `news` VALUES ('6', 'Презентація', '6 жовтня о 13.00 в Львівській державній музичній академії відбудеться презентація книги<br /><br /><a href=\"http://www.bak.lviv.ua//index.php?option=com_content&amp;task=view&amp;id=50&amp;Itemid=7\">Ігор Соневицький</a> (автор С.Павлишин) <br /><br />', '2005-10-03', '948', '0');
INSERT INTO `news` VALUES ('7', 'Презентація', '29 жовтня 2005 року Пані Катерина Ющенко, Голова Наглядової Ради Фонду &laquo;Україна 3000&raquo; презентувала книгу &quot;<a href=\"http://www.bak.lviv.ua//index.php?option=com_content&amp;task=view&amp;id=59&amp;Itemid=7\">Мати і дитина</a>&quot;.<br /><br />Книжки в розпорядження Фонду &laquo;Україна 3000&raquo; безкоштовно надав відомий меценат, американський українець Григорій Малиновський. Перша партія налічує 12 тисяч екземплярів.<br /><br />Щоби безкоштовно отримати книжку, потрібно у своєму територіальному відділенні жіночої консультації взяти довідку про постанову на облік та разом із копією ідентифікаційного коду надіслати її на адресу Міжнародного благодійного фонду &laquo;Україна 3000&raquo;. При цьому слід чітко вказати повну зворотну адресу. <br /><br />Адреса фонду: вул. Боричів Тік, 22-А, м. Київ, 04070, Україна.<br /><br />', '2005-11-01', '990', '0');
INSERT INTO `news` VALUES ('8', 'Виставка \"Книжковий світ 2005\", Київ', '10-13 листопада запрошуємо відвідати наш стенд на виставці &quot;Книжковий світ 2005&quot;, а також на презентацію книги <a href=\"http://www.bak.lviv.ua//index.php?option=com_content&amp;task=view&amp;id=63&amp;Itemid=10\">Все про серце</a> (12 листопада о 10.30).<br />Адреса: Експоцентр &quot;Спортивний&quot;, вул. Фізкультурна, 1. Метро &quot;Республіканський стадіон&quot;.<br /><br />', '2005-11-03', '1116', '0');
INSERT INTO `news` VALUES ('9', 'Виставка \"Книжковий світ 2005\", нагороди', 'Книга Елізабет Фенвік &quot;<a href=\"http://www.bak.lviv.ua//index.php?option=com_content&amp;task=view&amp;id=59&amp;Itemid=7\">Мати і дитина</a>&quot; відзначена Дипломом 7-ї Міжнародної книжкової ярмарки &quot;Книжковий світ 2005&quot; у номінації &quot;Краще перекладене видання&quot;.<br /><br />Серія видань про українських композиторів (книги &quot;<a href=\"http://www.bak.lviv.ua//index.php?option=com_content&amp;task=view&amp;id=49&amp;Itemid=7\">Перша українська композиторка</a>&quot;, &quot;<a href=\"http://www.bak.lviv.ua//index.php?option=com_content&amp;task=view&amp;id=50&amp;Itemid=7\">Ігор Соневицький</a>&quot;) відзначена Дипломом 7-ї Міжнародної книжкової ярмарки &quot;Книжковий світ 2005&quot; за друге місце у номінації &quot;Видатні імена України&quot;.<br /><br />', '2005-11-14', '1201', '0');
INSERT INTO `news` VALUES ('10', 'Новий словник Святослава Караванського', 'Важлива новина для всіх шанувальників української мови. Вийшов у світ &quot;<a href=\"http://www.bak.lviv.ua//index.php?option=com_content&amp;task=view&amp;id=54&amp;Itemid=11\">Російсько-український словник складної лексики</a>&quot; Святослава Караванського.', '2006-02-01', '1028', '0');
INSERT INTO `news` VALUES ('72', 'Книга Лео Вітошинського в Україні', 'Пропонуємо українське видання книги славетного гітариста  Лео Вітошинського (Австрія) <a href=\"index.php?option=com_content&amp;task=view&amp;id=69&amp;Itemid=14\">&quot;Про мистецтво гри на гітарі&quot;</a>.', '2006-11-17', '910', '0');
INSERT INTO `news` VALUES ('73', 'Нова книга Віри Вовк', 'Шанувальникам української літератури пропонуємо нову книгу відомої української письменниці з Бразилії Віри Вовк <a href=\"http://bak.lviv.ua/index.php?option=com_content&amp;task=view&amp;id=70&amp;Itemid=14\">&quot;Каравела&quot;</a>. ', '2006-11-17', '912', '0');
INSERT INTO `news` VALUES ('74', 'Номінанти VIII Всеукраїнського рейтингу \"Книжка року 2006\"', '<a href=\"index.php?option=com_content&amp;task=view&amp;id=54&amp;Itemid=11\">Російсько-український словник складної лексики</a> Святослава Караванського в списку номінатів VIII Всеукраїнського рейтинґу &laquo;Книжка року &rsquo;2006&raquo;', '2007-02-15', '785', '0');
INSERT INTO `news` VALUES ('75', 'Нова книга Віри Вовк', 'Шанувальникам української літератури пропонуємо нову книгу відомої української письменниці з Бразилії Віри Вовк &quot;<a href=\"index.php?option=com_content&amp;task=view&amp;id=76&amp;Itemid=14\">Напис на скарабею</a>&quot;. &nbsp;', '2007-05-07', '827', '0');
INSERT INTO `news` VALUES ('77', 'Творча зустріч з Вірою Вовк', '10 травня о 16 год. в Палаці Потоцьких у Львові відбудеться творча зустріч з Вірою Вовк. Презентація книг &quot;<a href=\"http://bak.lviv.ua/index.php?option=com_content&amp;task=view&amp;id=76&amp;Itemid=14\">Напис на скарабею</a>&quot; та &quot;<a href=\"http://bak.lviv.ua/index.php?option=com_content&amp;task=view&amp;id=70&amp;Itemid=14\">Каравела</a>&quot;', '2007-05-07', '778', '0');
INSERT INTO `news` VALUES ('79', 'Четверте видання', 'Вийшло у світ четверте оновлене видання книги Олега Дубія &quot;<a href=\"index.php?option=com_content&amp;task=view&amp;id=78&amp;Itemid=8\">12 уроків з 1С:Бухгалтерії</a>&quot; ', '2007-05-07', '741', '0');
INSERT INTO `news` VALUES ('80', 'Книга для користувачів комп\'ютерів', 'Вийшла у світ нова книга О.Коссака та І.Юрчак про<a href=\"index.php?option=com_content&amp;task=view&amp;id=81&amp;Itemid=8\"> текстовий процесор Word</a>', '2007-05-17', '896', '0');
INSERT INTO `news` VALUES ('82', 'Ева Гата - нова книга', 'Запрошуємо познайомитися з новою книгою Еви Гата - <a href=\"http://www.bak.lviv.ua//index.php?option=com_content&task=view&id=83&Itemid=14\">&quot;Очищення, або роблю, що&nbsp; хочу&quot;</a>. <br />', '2007-08-18', '843', '0');
INSERT INTO `news` VALUES ('84', 'Форум видавців', 'З 13 по 16 вересня запрошуємо відвідати наш стенд (419,&nbsp; 3-й поверх) на Форумі видавців у Львові.<br /> ', '2007-09-10', '899', '0');
INSERT INTO `news` VALUES ('85', 'Зустріч з Евою Гатою ', 'Запрошуємо на зустіч з Евою Гатою - автором книги <a href=\"http://www.bak.lviv.ua/index.php?option=com_content&amp;task=view&amp;id=83&amp;Itemid=14\">&quot;Очищення, або роблю, що хочу&quot;</a>, яка відбудеться в <a href=\"http://www.akbooks.com.ua\">Академічній книгарні</a> 26 жовтня о 18 год.', '2007-10-17', '736', '0');
INSERT INTO `news` VALUES ('88', 'Нова книга Віри Вовк, Лауреата Шевченківської премії 2008', '<p>Шанувальникам української літератури пропонуємо нову книгу відомої української письменниці з Бразилії Віри Вовк, Лауреата Шевченківської премії 2008 року <a href=\"index.php?option=com_content&amp;task=view&amp;id=87&amp;Itemid=14\" target=\"_blank\">&quot;Коляда на Щедрий вечір&quot;</a>. </p><p>До вашої уваги також &quot;<a href=\"http://www.bak.lviv.ua/index.php?option=com_content&amp;task=view&amp;id=76&amp;Itemid=14\">Напис  на скарабею</a>&quot; та &quot;<a href=\"http://www.bak.lviv.ua/index.php?option=com_content&amp;task=view&amp;id=70&amp;Itemid=14\">Каравела</a>&quot;.  </p>', '2008-02-27', '794', '0');
INSERT INTO `news` VALUES ('90', 'Третій Весняний Київський книжковий ярмарок', 'З 20 по 23 березня запрошуємо відвідати наш стенд на Третьому Весняному Київському книжковому ярмарку (експоцентр &quot;Спортивний&quot; НУФВСУ, вул. Фізкультури, 1, метро &quot;Республіканський стадіон&quot;).&nbsp; ', '2008-03-12', '762', '0');
INSERT INTO `news` VALUES ('91', 'Зустріч з Евою Гатою - презентація книг', 'Запрошуємо на зустріч з Евою Гатою і презентацію її книг <a href=\"http://www.bak.lviv.ua//index.php?option=com_content&task=view&id=92&Itemid=14\">&quot;З варяг у греки, або історія, накреслена рунами&quot;</a> та <a href=\"index.php?option=com_content&amp;task=view&amp;id=83&amp;Itemid=14\">&quot;Очищення, або роблю, що хочу&quot;</a> - 21 березня&nbsp; (п&#39;ятниця) о&nbsp;17.00 на Третьому Весняному Київському книжковому ярмарку (експоцентр &quot;Спортивний&quot;  НУФВСУ, вул. Фізкультури, 1, метро &quot;Республіканський стадіон&quot;).&nbsp;  ', '2008-03-12', '801', '0');
INSERT INTO `news` VALUES ('93', 'Словник синонімів Святослава Караванського', '<p>Важлива новина для всіх шанувальників української мови. Вийшов у світ <a href=\"http://www.bak.lviv.ua//index.php?option=com_content&task=view&id=189&Itemid=11\">&quot;Практичний словник синонімів української мови&quot;</a> Святослава Караванського - опрацьоване і значно доповнене четверте видання.</p><p>До Вашої уваги також інші словники Святослава Караванського: &quot;<a href=\"http://www.bak.lviv.ua/index.php?option=com_content&amp;task=view&amp;id=54&amp;Itemid=11\">Російсько-український  словник складної лексики</a>&quot; та <a href=\"http://www.bak.lviv.ua//index.php?option=com_content&task=view&id=53&Itemid=11\">&quot;Словник рим української мови&quot;</a>, мовознавчі праці &quot;<a href=\"http://www.bak.lviv.ua/index.php?option=com_content&task=view&id=103&Itemid=7\">До зір крізь терня, або хочу бути редактором</a>&quot;, &quot;<a href=\"http://www.bak.lviv.ua/index.php?option=com_content&task=view&id=117&Itemid=7\">Секрети української мови</a>&quot;.&nbsp;&nbsp;<br /> а\r\nтакож проза, поезія, переклади, гумор і публіцистика Святослава Караванського у книзі &quot;<a href=\"http://www.bak.lviv.ua/index.php?option=com_content&task=view&id=149&Itemid=14\">Книга-журнал одного автора</a>&quot;.&nbsp;&nbsp;<br />. </p>\r\n\r\n\r\n', '2012-04-23', '1147', '0');
INSERT INTO `news` VALUES ('95', 'Ева Гата у Греції', '11 квітня Ева Гата презентує свої книги <a href=\"index.php?option=com_content&amp;task=view&amp;id=92&amp;Itemid=14\">&quot;З  варяг у греки, або історія, накреслена рунами&quot;</a> та <a href=\"http://www.bak.lviv.ua/index.php?option=com_content&amp;task=view&amp;id=83&amp;Itemid=14\">&quot;Очищення,  або роблю, що хочу&quot;</a> в Афінах у Посольстві України в Грецькій республіці.<br />', '2008-04-11', '783', '0');
INSERT INTO `news` VALUES ('96', 'Зустіч з Евою Гатою в книгарні \"Є\"', '20 травня о 17 год. в кигарні &quot;Є&quot; (Київ, вул. Лисенка, 3) відбудеться творча зустріч з  Евою Гатою. Презентація книг&nbsp; <a href=\"http://www.bak.lviv.ua/index.php?option=com_content&amp;task=view&amp;id=92&amp;Itemid=14\">&quot;З  варяг у греки, або історія, накреслена рунами&quot;</a> та <a href=\"http://www.bak.lviv.ua/index.php?option=com_content&amp;task=view&amp;id=83&amp;Itemid=14\">&quot;Очищення,  або роблю, що хочу&quot;</a>.&nbsp; ', '2008-05-19', '807', '0');
INSERT INTO `news` VALUES ('97', 'Ева Гата презентує нову книгу у рідному Львові', 'Запрошуємо на зустріч з Евою Гатою і презентацію її книги <a href=\"index.php?option=com_content&amp;task=view&amp;id=92&amp;Itemid=14\">&quot;З  варяг у греки, або історія, накреслена рунами&quot;</a>&nbsp; - 29 травня&nbsp; (четвер) о&nbsp;16.00 в приміщенні Музею етнографії (пр. Свободи, 15) ', '2008-05-28', '767', '0');
INSERT INTO `news` VALUES ('98', 'Форум видавців 2008', ' 				З 11 по 14 вересня запрошуємо відвідати наш стенд (422,&nbsp; 3-й поверх) на Форумі видавців у Львові.', '2008-09-05', '808', '0');
INSERT INTO `news` VALUES ('99', 'Ева Гата презентує нову книгу', 'Запрошуємо на презентацію нової книги Еви Гати &quot;<a href=\"http://www.bak.lviv.ua/index.php?option=com_content&task=view&id=100&Itemid=14\">Тут і Там, або стежка між Парнасом та Олімпом</a>&quot;. Презентація відбудеться 12 вересня о 16 год. в приміщенні Музею етнографії і художнього промислу (Львів, пр. Свободи, 15).<br />\r\nДо вашої уваги також: <a href=\"index.php?option=com_content&amp;task=view&amp;id=92&amp;Itemid=14\">&quot;З  варяг у греки, або історія, накреслена рунами&quot;</a>&nbsp; та <a href=\"index.php?option=com_content&amp;task=view&amp;id=83&amp;Itemid=14\">&quot;Очищення, або роблю, що хочу&quot;</a>. ', '2008-09-08', '694', '0');
INSERT INTO `news` VALUES ('102', 'Нова книга Святослава Караванського', '<p>Шанувальникам української мови пропонуємо нову книгу Святослава Караванського &quot;<a href=\"http://www.bak.lviv.ua/index.php?option=com_content&task=view&id=103&Itemid=7\">До зір крізь терня, або хочу бути редактором</a>&quot;.&nbsp;&nbsp;<br />До Вашої уваги також словники Святослава Караванського: <a href=\"/index.php?option=com_content&amp;task=view&amp;id=94&amp;Itemid=11\">&quot;Практичний словник синонімів української мови&quot;</a>, &quot;<a href=\"index.php?option=com_content&amp;task=view&amp;id=54&amp;Itemid=11\">Російсько-український  словник складної лексики</a>&quot; та <a href=\"/index.php?option=com_content&amp;task=view&amp;id=53&amp;Itemid=11\">&quot;Словник рим української мови&quot;</a>. </p>', '2008-09-16', '758', '0');
INSERT INTO `news` VALUES ('104', 'Зустріч з Евою Гатою в Івано-Франківську', '24 жовтня о 13.15 в Прикарпатському національному університеті ім.  В.Стефаника відбудеться творча зустріч з Евою Гатою. Презентація книг <a href=\"index.php?option=com_content&amp;task=view&amp;id=92&amp;Itemid=14\">&quot;З варяг у греки, або історія, накреслена рунами&quot;</a>&nbsp;, <a href=\"index.php?option=com_content&amp;task=view&amp;id=83&amp;Itemid=14\">&quot;Очищення, або роблю, що хочу&quot;</a>, &quot;<a href=\"http://www.bak.lviv.ua/index.php?option=com_content&task=view&id=100&Itemid=14\">Тут і Там, або стежка між Парнасом та Олімпом</a>&quot;. ', '2008-10-20', '776', '0');
INSERT INTO `news` VALUES ('111', 'Сюрреалізм. Наукові студії', 'Пропонуємо вашій увазі книгу Елені Стерйопулу &quot;<a href=\"http://www.bak.lviv.ua/index.php?option=com_content&task=view&id=108&Itemid=7\r\n\">Вступ до сюрреалізму&quot;</a>&nbsp; в перекладі з грецької Левона Акопяна.\r\n', '2008-12-29', '743', '0');
INSERT INTO `news` VALUES ('112', 'Живопис Андрія Ліпатова', 'До вашої уваги мистецький альбом &quot;<a href=\"http://www.bak.lviv.ua/index.php?option=com_content&task=view&id=109&Itemid=15\r\n\">Мій світ&quot;</a>&nbsp; художника Андрія Ліпатова\r\n', '2009-01-06', '777', '0');
INSERT INTO `news` VALUES ('113', 'Маркетингове дослідження книжкового ринку України', 'До вашої уваги маркетингове дослідження Олени Коссак книжкового ринку України 2008 року за даними опитування видавництвом \"БаК\".\r\n<a href=\"http://www.bak.lviv.ua/images/stories/books/bak_mr_%202008.doc\">Завантажити...</a>  ', '2009-01-14', '786', '0');
INSERT INTO `news` VALUES ('114', 'Четвертий Весняний Київський Міжнародний книжковий ярмарок', 'З 2 по 5 квітня запрошуємо відвідати наш стенд на Четвертому Весняному Київському міжнародному книжковому ярмарку (експоцентр \"Спортивний\" НУФВСУ, вул. Фізкультури, 1, метро \"Республіканський стадіон\"). ', '2009-03-12', '704', '0');
INSERT INTO `news` VALUES ('115', 'Ева Гата презентує нову книгу', 'Запрошуємо на зустріч з Евою Гатою і презентацію її нової книги &quot;<a href=\"http://www.bak.lviv.ua/index.php?option=com_content&task=view&id=120&Itemid=14\r\n\">Сюрпризи долі, або змагання між Аполлоном і Паном&quot;</a>&nbsp; - 3 квітня  (п\'ятниця) о 16.00 на Четвертому Весняному Київському міжнародному книжковому ярмарку (експоцентр \"Спортивний\" НУФВСУ, вул. Фізкультури, 1, метро \"Республіканський стадіон\").\r\n\r\n', '2009-03-12', '800', '0');
INSERT INTO `news` VALUES ('121', 'Англо-український словник з українською транскрипцією', 'Вийшов з друку &quot;<a href=\"http://www.bak.lviv.ua/index.php?option=com_content&task=view&id=122&Itemid=11\r\n\">Англо-український словник з українською транскрипцією\", 2-ге перероблене і доповнене видання&quot;</a>&nbsp;.\r\n\r\n\r\n', '2009-04-07', '851', '0');
INSERT INTO `news` VALUES ('123', 'Підручник з органічної хімії', 'Вийшов у світ фундаментальний підручник для студентів університетів &quot;<a href=\"http://www.bak.lviv.ua/index.php?option=com_content&task=view&id=119&Itemid=10\r\n\">Органічна хімія&quot;</a>&nbsp; (автори Чирва В. Я., Ярмолюк С. М., Толкачова Н. В., Земляков О. Є.).\r\n\r\n', '2009-07-06', '939', '0');
INSERT INTO `news` VALUES ('124', 'Нова книга Святослава Караванського', '<p>Шанувальникам української мови пропонуємо нову книгу Святослава Караванського &quot;<a href=\"http://www.bak.lviv.ua/index.php?option=com_content&task=view&id=117&Itemid=7\">Секрети української мови</a>&quot;.&nbsp;&nbsp;<br />\r\nДо Вашої уваги також словники Святослава Караванського: <a href=\"/index.php?option=com_content&amp;task=view&amp;id=94&amp;Itemid=11\">&quot;Практичний словник синонімів української мови&quot;</a>, &quot;<a href=\"index.php?option=com_content&amp;task=view&amp;id=54&amp;Itemid=11\">Російсько-український  словник складної лексики</a>&quot; та <a href=\"/index.php?option=com_content&amp;task=view&amp;id=53&amp;Itemid=11\">&quot;Словник рим української мови</a>&quot; та книга <a href=\"http://www.bak.lviv.ua/index.php?option=com_content&task=view&id=103&Itemid=7\">До зір крізь терня, або хочу бути редактором</a>\r\n\r\n\r\n', '2009-08-05', '743', '0');
INSERT INTO `news` VALUES ('127', 'Форум видавців 2009', 'З 10 по 13 вересня запрошуємо відвідати наш стенд (420, 3-й поверх) на Форумі видавців у Львові. ', '2009-09-08', '785', '0');
INSERT INTO `news` VALUES ('128', 'Зустріч з Евою Гатою на Форумі видавців 2009', 'Запрошуємо на зустріч з відомою письменницею Евою Гатою і презентацію її нової книги  &quot;<a href=\"http://www.bak.lviv.ua/index.php?option=com_content&task=view&id=120&Itemid=14\r\n\">Сюрпризи долі, або змагання між Аполлоном і Паном&quot;</a>&nbsp;. Презентація відбудеться 12 вересня об 11 год. в приміщенні Музею етнографії і художнього промислу (Львів, пр. Свободи, 15).</p><p>\r\nДо вашої уваги також: &quot;<a href=\"http://www.bak.lviv.ua/index.php?option=com_content&task=view&id=100&Itemid=14\">Тут і Там, або стежка між Парнасом та Олімпом</a>&quot;, <a href=\"index.php?option=com_content&amp;task=view&amp;id=92&amp;Itemid=14\">&quot;З  варяг у греки, або історія, накреслена рунами&quot;</a>&nbsp; та <a href=\"index.php?option=com_content&amp;task=view&amp;id=83&amp;Itemid=14\">&quot;Очищення, або роблю, що хочу&quot;</a>.\r\n ', '2009-09-09', '895', '0');
INSERT INTO `news` VALUES ('140', 'Дванадцятий Київський міжнародний книжковий ярмарок', 'Запрошуємо з 5 по 8 листопада відвідати наш стенд на 12-му Київському міжнародному книжковому ярмарку (Київ, експоцентр \"Спортивний\" НУФВСУ, вул. Фізкультури, 1, метро \"Республіканський стадіон\").', '2009-10-23', '779', '0');
INSERT INTO `news` VALUES ('144', 'Книгу \"Секрети української мови\" відзначено дипломом', 'Книга Святослава Караванського &quot;<a href=\"http://www.bak.lviv.ua/index.php?option=com_content&task=view&id=117&Itemid=7\">Секрети української мови</a>&quot;&nbsp;&nbsp;відзначена Дипломом 12-ї Міжнародної книжкової ярмарки \"Книжковий світ 2009\" у номінації \"Краще наукове та науково-популярне видання\".', '2009-11-17', '773', '0');
INSERT INTO `news` VALUES ('145', 'Київський міжнародний книжковий ярмарок \"Медвін: книжковий світ 2009\"', 'Запрошуємо з 18 по 20 листопада відвідати наш стенд на Київському міжнародному книжковому ярмарку \"Медвін: книжковий світ 2009\" (Київ, експоцентр \"Спортивний\" НУФВСУ, вул. Фізкультури, 1, метро \"Республіканський стадіон\").', '2009-12-10', '754', '0');
INSERT INTO `news` VALUES ('146', 'Всеукраїнський рейтинг \"Книжка року 2009\"', 'Книга Святослава Караванського &quot;<a href=\"http://www.bak.lviv.ua/index.php?option=com_content&task=view&id=117&Itemid=7\">Секрети української мови</a>&quot;&nbsp;&nbsp; серед сімки кращих книг в номінації \"Енциклопедичні та довідкові видання\".', '2010-02-16', '740', '0');
INSERT INTO `news` VALUES ('150', 'Нова книга Еви Гати', 'Вийшла з друку нова книга Еви Гати \r\n&quot;<a href=\"http://www.bak.lviv.ua/index.php?option=com_content&task=view&id=141&Itemid=14\">Три чесноти, або казка про оріхалк</a>&quot;.&nbsp;&nbsp;\r\n<br />До Вашої уваги також інші книги Еви Гати: \r\n<a href=\"/index.php?option=com_content&amp;task=view&amp;id=83&Itemid=14\">&quot;Очищення, або роблю, що хочу</a> &quot;,\r\n<a href=\"index.php?option=com_content&amp;task=view&amp;id=92&Itemid=14\">З варяг у греки, або історія, накреслена рунами</a>&quot;, \r\n<a href=\"/index.php?option=com_content&amp;task=view&amp;id=100&Itemid=14\">&quot;Тут і Там, або стежка між Парнасом та Олімпом</a> &quot;, \r\n<a href=\"/index.php?option=com_content&amp;task=view&amp;id=120&Itemid=14\">&quot;Сюрпризи долі, або змагання між Аполлоном і Паном&quot;. </p>\r\n\r\n', '2010-03-05', '814', '0');
INSERT INTO `news` VALUES ('152', 'Зустріч з Евою Гатою в книгарні \"Є\"', 'Запрошуємо на творчу зустріч з Евою Гатою та презентацію книги &nbsp; &quot;<a href=\"http://www.bak.lviv.ua/index.php?option=com_content&task=view&id=141&Itemid=14\">Три чесноти, або казка про оріхалк</a>&quot;&nbsp;&nbsp;, яка відбудеться 26 березня о 18 год. у Львові в кигарні &quot;Є&quot; (просп. Свободи, 7).   ', '2010-03-19', '742', '0');
INSERT INTO `news` VALUES ('153', 'Міжнародний Весняний книжковий ярмарок \"МЕДВІН\"', 'Запрошуємо з 8 по 11 квітня відвідати наш стенд на V Міжнародному Весняному книжковому ярмарку \"МЕДВІН\" (Київ, експоцентр \"Спортивний\" НУФВСУ, вул. Фізкультури, 1, метро \"Республіканський стадіон\"). ', '2010-04-05', '759', '0');
INSERT INTO `news` VALUES ('154', 'Зустріч з Евою Гатою - презентація нової книги', 'Запрошуємо на зустріч з Евою Гатою і презентацію її нової книги &nbsp; &quot;<a href=\"http://www.bak.lviv.ua/index.php?option=com_content&task=view&id=141&Itemid=14\">Три чесноти, або казка про оріхалк</a>&quot;&nbsp;&nbsp; - 8 квітня  (четвер) о 15.00 на на V Міжнародному Весняному книжковому ярмарку \"МЕДВІН\" (Київ, експоцентр \"Спортивний\" НУФВСУ, вул. Фізкультури, 1, метро \"Республіканський стадіон\"). ', '2010-04-05', '702', '0');
INSERT INTO `news` VALUES ('157', 'Нова книга Віри Вовк, Лауреата Шевченківської премії 2008', '<p>Шанувальникам української літератури пропонуємо нову книгу відомої української письменниці з Бразилії Віри Вовк, Лауреата Шевченківської премії 2008 року <a href=\"index.php?option=com_content&task=view&id=156&Itemid=14\" target=\"_blank\">&quot;Тотем скальних соколів&quot;</a>. </p><p>До вашої уваги також <a href=\"index.php?option=com_content&amp;task=view&amp;id=87&amp;Itemid=14\" target=\"_blank\">&quot;Коляда на Щедрий вечір&quot;</a>&quot;, <a href=\"http://www.bak.lviv.ua/index.php?option=com_content&amp;task=view&amp;id=76&amp;Itemid=14\">Напис  на скарабею</a>&quot; та &quot;<a href=\"http://www.bak.lviv.ua/index.php?option=com_content&amp;task=view&amp;id=70&amp;Itemid=14\">Каравела</a>&quot;.  </p>\r\n\r\n\r\n\r\n\r\n\r\n\r\n\r\n\r\n', '2010-06-29', '701', '0');
INSERT INTO `news` VALUES ('159', 'Книга-журнал Святослава Караванського', '<p>Проза, поезія, переклади, гумор, публіцистика Святослава Караванського у новій книзі &quot;<a href=\"http://www.bak.lviv.ua/index.php?option=com_content&task=view&id=149&Itemid=14\">Книга-журнал одного автора</a>&quot;.&nbsp;&nbsp;<br />\r\n\r\n\r\n\r\nДо Вашої уваги також словники Святослава Караванського: <a href=\"/index.php?option=com_content&amp;task=view&amp;id=94&amp;Itemid=11\">&quot;Практичний словник синонімів української мови&quot;</a>, &quot;<a href=\"index.php?option=com_content&amp;task=view&amp;id=54&amp;Itemid=11\">Російсько-український  словник складної лексики</a>&quot; та <a href=\"/index.php?option=com_content&amp;task=view&amp;id=53&amp;Itemid=11\">&quot;Словник рим української мови</a>&quot; та книги &quot;<a href=\"http://www.bak.lviv.ua/index.php?option=com_content&task=view&id=103&Itemid=7\">До зір крізь терня, або хочу бути редактором</a>&quot;, &quot;<a href=\"http://www.bak.lviv.ua/index.php?option=com_content&task=view&id=117&Itemid=7\">Секрети української мови</a>&quot;.&nbsp;&nbsp;<br />\r\n\r\n\r\n\r\n', '2010-08-06', '689', '0');
INSERT INTO `news` VALUES ('162', 'Форум видавців 2010', 'З 16 по 19 вересня запрошуємо відвідати наш стенд (#417, 3-й поверх) на Форумі видавців у Львові.\r\nАвтограф-сесії з Евою Гатою. ', '2010-09-11', '674', '0');
INSERT INTO `news` VALUES ('163', 'Зустріч з Евою Гатою на Форумі видавців 2010', 'Запрошуємо на зустріч з відомою письменницею Евою Гатою і презентацію її нової книги  &quot;<a href=\"http://www.bak.lviv.ua/index.php?option=com_content&task=view&id=141&Itemid=14\">Три чесноти, або казка про оріхалк&quot;</a>&nbsp;, яка відбудеться 17 вересня (п\'ятниця) о 16 год. в приміщенні Львівської організації НСПУ (вул. С. Крушельницької, 17).</p><p>\r\nДо вашої уваги також: &quot;<a href=\"http://www.bak.lviv.ua/index.php?option=com_content&task=view&id=100&Itemid=14\">Тут і Там, або стежка між Парнасом та Олімпом</a>&quot;, <a href=\"index.php?option=com_content&amp;task=view&amp;id=92&amp;Itemid=14\">&quot;З  варяг у греки, або історія, накреслена рунами&quot;</a>&nbsp; , <a href=\"index.php?option=com_content&amp;task=view&amp;id=83&amp;Itemid=14\">&quot;Очищення, або роблю, що хочу&quot;</a>, &quot;<a href=\"http://www.bak.lviv.ua/index.php?option=com_content&task=view&id=120&Itemid=14\r\n\">Сюрпризи долі, або змагання між Аполлоном і Паном&quot;</a>&nbsp;.', '2010-09-11', '1021', '0');
INSERT INTO `news` VALUES ('164', 'Найкраща книга 17 Форуму Видавців', 'У конкурсі «Найкраща книга 17 Форуму Видавців» книга Еви Гати &quot;<a href=\"http://www.bak.lviv.ua/index.php?option=com_content&task=view&id=141&Itemid=14\">Три чесноти, або казка про оріхалк&quot;</a>&nbsp; отримала спеціальну відзнаку клубу “Львів – Замок” Міжнародної організації “Zonta International”.\r\n', '2010-09-20', '714', '0');
INSERT INTO `news` VALUES ('165', 'Претендент на премію \"Книга року Бі-Бі-Сі 2010\"', 'Серед претендентів на премію \"Книга року Бі-Бі-Сі 2010\" книга Еви Гати &quot;<a href=\"http://www.bak.lviv.ua/index.php?option=com_content&task=view&id=141&Itemid=14\">Три чесноти, або казка про оріхалк&quot;</a>&nbsp;.', '2010-09-20', '749', '0');
INSERT INTO `news` VALUES ('167', 'Київський Міжнародний книжковий ярмарок \"МЕДВІН: Книжковий світ -2010\"', 'Запрошуємо з 11 по 14 листопада відвідати наш стенд на XIII Міжнародному київському книжковому ярмарку \"МЕДВІН: Книжковий світ - 2010\" (Київ, експоцентр \"Спортивний\" НУФВСУ, вул. Фізкультури, 1, метро \"Республіканський стадіон\").', '2010-11-02', '794', '0');
INSERT INTO `news` VALUES ('168', 'Ева Гата презентує нову книгу', 'Запрошуємо на зустріч з Евою Гатою і презентацію її нової книги \r\n&quot;<a href=\"http://www.bak.lviv.ua/index.php?option=com_content&task=view&id=166&Itemid=14\">Бланік відчиняє двері&quot;</a>&nbsp;\r\n\r\n - 11 листопада (четвер) о 14.00 на XIII Київському Міжнародному книжковому ярмарку \"МЕДВІН: Книжковий світ - 2010\" (1 поверх, майданчик «У Пегаса», експоцентр \"Спортивний\" НУФВСУ, вул. Фізкультури, 1, метро \"Республіканський стадіон\").\r\n\r\n', '2010-11-02', '707', '0');
INSERT INTO `news` VALUES ('169', 'Ева Гата читає своє оповідання', 'Запрошуємо на зустріч з Евою Гатою - авторське читання нового оповідання \"Мелодія для скрипки і гітари\" - 12 листопада (п\'ятниця) о 12.00 на XIII Київському Міжнародному книжковому ярмарку \"МЕДВІН: Книжковий світ - 2010\" (літературна кав\'ярня, експоцентр \"Спортивний\" НУФВСУ, вул. Фізкультури, 1, метро \"Республіканський стадіон\").', '2010-11-02', '734', '0');
INSERT INTO `news` VALUES ('171', 'Книга-журнал Святослава Караванського у фіналі \"Книжка року\'2010\"', 'Книга Святослава Караванського &quot;<a href=\"http://www.bak.lviv.ua/index.php?option=com_content&task=view&id=149&Itemid=14\">Книга-журнал одного автора</a>&quot;.&nbsp;&nbsp;<br /> в короткому списку рейтингу «Книжка року’2010» (Номінація «ОБРІЇ»)\r\n\r\n\r\n', '2010-12-30', '715', '0');
INSERT INTO `news` VALUES ('172', 'Книга-журнал Святослава Караванського посіла друге місце', 'Книга Святослава Караванського &quot;<a href=\"http://www.bak.lviv.ua/index.php?option=com_content&task=view&id=149&Itemid=14\">Книга-журнал одного автора</a>&quot;.&nbsp;&nbsp;<br /> посіла друге місце у нонкурсі «Книжка року’2010» (Номінація «ОБРІЇ»).', '2010-12-30', '763', '0');
INSERT INTO `news` VALUES ('175', 'Нова книга Віри Вовк, Лауреата Шевченківської премії', '<p>Шанувальникам української літератури пропонуємо нову книгу відомої української письменниці з Бразилії Віри Вовк, Лауреата Шевченківської премії 2008 року <a href=\"index.php?option=com_content&task=view&id=161&Itemid=14\" target=\"_blank\">&quot;Мережа&quot;</a>. </p><p>До вашої уваги також <a href=\"index.php?option=com_content&amp;task=view&amp;id=87&amp;Itemid=14\" target=\"_blank\">&quot;Коляда на Щедрий вечір&quot;</a>&quot;, <a href=\"http://www.bak.lviv.ua/index.php?option=com_content&amp;task=view&amp;id=76&amp;Itemid=14\">Напис  на скарабею</a>&quot;, <a href=\"index.php?option=com_content&amp;task=view&amp;id=156&amp;Itemid=14\" target=\"_blank\">&quot;Тотем скальних соколів та &quot;<a href=\"http://www.bak.lviv.ua/index.php?option=com_content&amp;task=view&amp;id=70&amp;Itemid=14\">Каравела</a>&quot;.  </p>\r\n', '2011-03-07', '661', '0');
INSERT INTO `news` VALUES ('176', 'Книга Ева Гати видана німецькою мовою', 'Книга Еви Гати <a href=\"index.php?option=com_content&amp;task=view&amp;id=83&amp;Itemid=14\">&quot;Очищення, або роблю, що хочу&quot;</a> видана німецькою мовою - \r\n<a href=\"index.php?option=com_content&amp;task=view&amp;id=173&amp;Itemid=14\">&quot;Katharsis, oder was ich will, das tue ich &quot;</a>. </p></p> Переклад Інгебург Голлос (Австрія). </p> Ця книга вже перекладена на російську мову - <a href=\"index.php?option=com_content&amp;task=view&amp;id=147&amp;Itemid=14\">&quot;Катарсис, или что хочу, то и делаю.\r\n\r\n\r\n\r\n\r\n\r\n\r\n\r\n\r\n\r\n', '2011-03-16', '746', '0');
INSERT INTO `news` VALUES ('177', 'Нова книга Віри Вовк, Лауреата Шевченківської премії', 'Нова книга відомої української письменниці з Бразилії Віри Вовк, Лауреата Шевченківської премії 2008 року \r\n\r\n\r\n\r\n<a href=\"http://www.bak.lviv.ua/index.php?option=com_content&amp;task=view&amp;id=174&amp;Itemid=14\">Знамено&quot;</a>\r\n\r\n\r\n\r\n</p><p>До вашої уваги також <a href=\"index.php?option=com_content&amp;task=view&amp;id=87&amp;Itemid=14\" target=\"_blank\">&quot;Коляда на Щедрий вечір&quot;</a>&quot;, <a href=\"http://www.bak.lviv.ua/index.php?option=com_content&amp;task=view&amp;id=76&amp;Itemid=14\">Напис  на скарабею</a>&quot;, <a href=\"index.php?option=com_content&amp;task=view&amp;id=156&amp;Itemid=14\" target=\"_blank\">&quot;Тотем скальних соколів, &quot;<a href=\"http://www.bak.lviv.ua/index.php?option=com_content&amp;task=view&amp;id=70&amp;Itemid=14\">Каравела</a>&quot;,  \r\n<a href=\"index.php?option=com_content&task=view&id=161&Itemid=14\" target=\"_blank\">&quot;Мережа&quot;</a>.\r\n\r\n\r\n', '2011-04-08', '730', '0');
INSERT INTO `news` VALUES ('178', 'Творча зустріч з Вірою Вовк та Зоєю Лісовською', 'Запрошуємо на творчу зустріч з Вірою Вовк, Лауреатом Шевченківської премії, та мисткинею Зоєю Лісовською, яка відбудеться 28 квітня 2011 року о 16.00 в Актовій залі Національного університету \"львівська політехніка\" (вул. Ст.Бандери, 12). Презентація книги <a href=\"index.php?option=com_content&task=view&id=174&Itemid=14\" target=\"_blank\">&quot;Знамено&quot;</a>. ', '2011-04-22', '731', '0');
INSERT INTO `news` VALUES ('180', 'Тернопіль: Джура-фест', 'Запрошуємо з 11 по 13 травня відвідати наш стенд в Тернопільському драматичному театрі на книжковому фестивалі «Джура-фест».<br />\r\n11 травня о 12.00 зустріч із письменницею Євою Гатою у Тернопільській обласній бібліотеці для дітей, о\r\n14.00 зустріч письменниці Єви Гати із студентами та викладачами Тернопільського національного педагогічного університету імені В.Гнатюка (Бібліотека ТНПУ).', '2011-05-10', '772', '0');
INSERT INTO `news` VALUES ('186', 'Форум видавців 2011', 'З 15 по 18 вересня запрошуємо відвідати наш стенд (#417, 3-й поверх) на Форумі видавців у Львові.\r\nАвтограф-сесії з Евою Гатою (www.evagata.com).', '2011-09-07', '684', '0');
INSERT INTO `news` VALUES ('187', 'Практичний англо-український фразеоголічний словник', 'Презентація <a href=\"index.php?option=com_content&task=view&id=183&Itemid=14\" target=\"_blank\">&quot;Практичного англо-українського фразеоголічного словника&quot;</a> відбудеться 22 вересня о 18.00 в приміщенні книгарні \"Є\" (пр. Свободи, 7)\r\n\r\n\r\n', '2011-09-12', '719', '0');
INSERT INTO `news` VALUES ('190', 'Ганна Барвінок: Том 1. З народних уст.', 'Це перше найповніше видання спадщини письменниці у двох томах. До \r\n<a href=\"index.php?option=com_content&task=view&id=181&Itemid=14\" target=\"_blank\">\r\nпершого тому \r\n</a>\r\nввійшли художнi твори.\r\n\r\n\r\n', '2011-10-17', '855', '0');
INSERT INTO `news` VALUES ('192', 'Книга Еви Гати серед номінантів на премію Бі-Бі-Сі', 'Серед претендентів на премію \"Книга року Бі-Бі-Сі 2011\" книга Еви Гати &quot;<a href=\"http://www.bak.lviv.ua/index.php?option=com_content&task=view&id=166&Itemid=14\">Бланік відчиняє двері&quot;</a>&nbsp;.\r\n\r\n\r\n', '2011-11-17', '693', '0');
INSERT INTO `news` VALUES ('193', 'Цілющі рослини України', 'До вашої уваги унікальна ілюстрована книга Івана Шавеля - &quot;<a href=\"http://www.bak.lviv.ua/index.php?option=com_content&task=view&id=143&Itemid=14\">\r\n\r\nЦілющі рослини України\r\n&quot;</a>&nbsp;. У книзі описано 872 рослини, що мають цілющі властивості – регіональні народні назви, склад, засади збирання та зберігання. Наведено рецепти і методи народної медицини лікування різних недуг. \r\n\r\n\r\n', '2012-01-17', '736', '0');
INSERT INTO `news` VALUES ('194', 'Ева Гата видала нову книгу', 'Новий захоплюючий роман Еви Гати &quot;<a href=\"http://www.bak.lviv.ua/index.php?option=com_content&task=view&id=142&Itemid=14\">\r\nНароджена у джерелі, або шлях від Царства до Корони\r\n\r\n&quot;</a>&nbsp;, якого так довго чекали читачі, побачив світ.\r\n\r\n\r\n', '2012-01-17', '716', '0');
INSERT INTO `news` VALUES ('195', 'Нова книга Віри Вовк, Лауреата Шевченківської премії ', '<p>Нову книгу відома українська письменниця з Бразилії Віри Вовк, Лауреата Шевченківської премії 2008 року \r\n\r\n\r\n\r\n<a href=\"index.php?option=com_content&task=view&id=191&Itemid=18\" target=\"_blank\">&quot;Чар-писанка&quot;</a> написала для дітей. Світлі позитивні дитячі мрії - чи не це надихає нас жити й творити? \r\n\r\n\r\n\r\n</p><p>До вашої уваги також <a href=\"index.php?option=com_content&amp;task=view&amp;id=87&amp;Itemid=14\" target=\"_blank\">&quot;Коляда на Щедрий вечір&quot;</a>&quot;, <a href=\"http://www.bak.lviv.ua/index.php?option=com_content&amp;task=view&amp;id=76&amp;Itemid=14\">Напис  на скарабею</a>&quot;, <a href=\"index.php?option=com_content&amp;task=view&amp;id=156&amp;Itemid=14\" target=\"_blank\">&quot;Тотем скальних соколів, &quot;<a href=\"http://www.bak.lviv.ua/index.php?option=com_content&amp;task=view&amp;id=70&amp;Itemid=14\">Каравела</a>&quot;,  \r\n<a href=\"index.php?option=com_content&task=view&id=161&Itemid=14\" target=\"_blank\">&quot;Мережа&quot;</a> та <a href=\"http://www.bak.lviv.ua/index.php?option=com_content&amp;task=view&amp;id=174&amp;Itemid=14\">Знамено&quot;</a>.', '2012-01-23', '715', '0');
INSERT INTO `news` VALUES ('196', 'Книги Еви Гати в Топ-100', 'Книги Еви Гати <a href=\"index.php?option=com_content&amp;task=view&amp;id=83&amp;Itemid=14\">&quot;Очищення, або роблю, що хочу&quot;</a> і &quot;<a href=\"http://www.bak.lviv.ua/index.php?option=com_content&task=view&id=166&Itemid=14\">Бланік відчиняє двері&quot;</a>&nbsp; у списку Топ-100 сайту www.booklya.com.ua.', '2012-02-05', '731', '0');
INSERT INTO `news` VALUES ('213', 'Ева Гата - одна з найпопулярніших серед тернополян українських авторів', 'До списку книг-лідерів, які завоювали найбільший рейтинг популярності серед читачів абонементу Тернопільської обласної універсальної наукової бібліотеки увійшла книга Еви Гати <a href=\"index.php?option=com_content&amp;task=view&amp;id=83&amp;Itemid=14\">&quot;Очищення, або роблю, що хочу&quot;</a> (http://www.nter.net.ua/main/11389-najpopulyarnishi-sered-ternopolyan-ukrayinski-avtori.html).\r\n\r\n', '2012-02-13', '832', '0');
INSERT INTO `news` VALUES ('214', 'Тернопіль: Джура-фест-2012', 'Запрошуємо 26-28 квітня 2012 року відвідати наш стенд на Третьому Всеукраїнському фестивалі української книжки «Джура-фест-2012» в Тернополі (Український дім «Перемога»).<br />\r\n26 квітня о 12.45 зустріч письменниці Єви Гати зі студентами та викладачами Тернопільського національного педагогічного університету імені В.Гнатюка (Бібліотека ТНПУ), а о 15.00 - з читачами у бібліотеці №2 для дорослих.  \r\n\r\n\r\n\r\n', '2012-04-23', '700', '0');
INSERT INTO `news` VALUES ('215', 'Святослав Караванський: Нове видання практичного словника синонімів української мови', '<p>Важлива новина для шанувальників української мови. Вийшов у світ <a href=\"http://www.bak.lviv.ua//index.php?option=com_content&task=view&id=189&Itemid=11\">&quot;Практичний словник синонімів української мови&quot;</a> Святослава Караванського - опрацьоване і значно доповнене четверте видання.</p><p>До Вашої уваги також інші словники Святослава Караванського: &quot;<a href=\"http://www.bak.lviv.ua/index.php?option=com_content&amp;task=view&amp;id=54&amp;Itemid=11\">Російсько-український  словник складної лексики</a>&quot; та <a href=\"http://www.bak.lviv.ua//index.php?option=com_content&task=view&id=53&Itemid=11\">&quot;Словник рим української мови&quot;</a>, мовознавчі праці &quot;<a href=\"http://www.bak.lviv.ua/index.php?option=com_content&task=view&id=103&Itemid=7\">До зір крізь терня, або хочу бути редактором</a>&quot;, &quot;<a href=\"http://www.bak.lviv.ua/index.php?option=com_content&task=view&id=117&Itemid=7\">Секрети української мови</a>&quot;.&nbsp;&nbsp;<br /> а\r\nтакож проза, поезія, переклади, гумор і публіцистика Святослава Караванського у книзі &quot;<a href=\"http://www.bak.lviv.ua/index.php?option=com_content&task=view&id=149&Itemid=14\">Книга-журнал одного автора</a>&quot;.&nbsp;&nbsp;<br />. </p>\r\n', '2012-04-23', '839', '0');
INSERT INTO `news` VALUES ('219', 'Ева Гата видала нову книгу', 'Вийшло з друку друге видання книг \r\n<a href=\"http://www.bak.lviv.ua//index.php?option=com_content&task=view&id=216&Itemid=11\">\r\n\r\n\r\n\r\n\r\n\"Тут і Там, або стежка між Парнасом і Олімпом\" і \"Три чесноти, або казка про оріхалк\"</a>.<p>\r\nПрезентація книги відбудеться 26 квітня 2012 року на Третьому Всеукраїнському фестивалі української книжки «Джура-фест-2012» в Тернополі. ', '2012-04-25', '654', '0');
INSERT INTO `news` VALUES ('224', 'Поезія Віри Вовк, Лауреата Шевченківської премії ', '<p>Нові збірки поезій відомої української письменниці з Бразилії Віри Вовк, Лауреата Шевченківської премії 2008 року \r\n\r\n\r\n<a href=\"index.php?option=com_content&task=view&id=218&Itemid=18\" target=\"_blank\">&quot;Зеніт&quot;</a> і\r\n <a href=\"index.php?option=com_content&task=view&id=217&Itemid=18\" target=\"_blank\">&quot;Сатирикон&quot;</a>.\r\n\r\n\r\n\r\n</p><p>До вашої уваги також <a href=\"index.php?option=com_content&amp;task=view&amp;id=87&amp;Itemid=14\" target=\"_blank\">&quot;Коляда на Щедрий вечір&quot;</a>&quot;, <a href=\"http://www.bak.lviv.ua/index.php?option=com_content&amp;task=view&amp;id=76&amp;Itemid=14\">Напис  на скарабею</a>&quot;, <a href=\"index.php?option=com_content&amp;task=view&amp;id=156&amp;Itemid=14\" target=\"_blank\">&quot;Тотем скальних соколів, &quot;<a href=\"http://www.bak.lviv.ua/index.php?option=com_content&amp;task=view&amp;id=70&amp;Itemid=14\">Каравела</a>&quot;,  \r\n<a href=\"index.php?option=com_content&task=view&id=161&Itemid=14\" target=\"_blank\">&quot;Мережа&quot;</a>, <a href=\"http://www.bak.lviv.ua/index.php?option=com_content&amp;task=view&amp;id=174&amp;Itemid=14\">Знамено&quot;</a> та <a href=\"index.php?option=com_content&task=view&id=191&Itemid=18\" target=\"_blank\">&quot;Чар-писанка&quot;</a>.', '2012-08-07', '695', '0');
INSERT INTO `news` VALUES ('225', 'Форум видавців 2012', 'З 13 по 16 вересня запрошуємо відвідати наш стенд (#418, 3-й поверх) на Форумі видавців у Львові.\r\nПрезентація нових книг Віри Вовк, Святослава Караванського, Еви Гати. Автограф-сесії з Евою Гатою (www.evagata.com).', '2012-09-10', '741', '0');
INSERT INTO `news` VALUES ('226', 'Святослав Караванський - нова книга, що ставить крапки над \'i\'', 'Пропонуємо Вашій увазі нову мовознавчу розвідку Відомого мовознавця Святослава Караванського - <a href=\"http://www.bak.lviv.ua//index.php?option=com_content&task=view&id=220&Itemid=11\">&quot;Звідки пішла єсть московська мова або шила в мішку не сховаєш&quot;</a>.Автор книги висловлює на підставі живих фактів і якнайдоступнішою мовою свій погляд на походження однієї із світових мов – російської мови, історично відомої, як московська мова.  \r\n\r\n \r\n\r\n \r\n</p>\r\n\r\n</p><p>До Вашої уваги словники Святослава Караванського: <a href=\"http://www.bak.lviv.ua//index.php?option=com_content&task=view&id=189&Itemid=11\">&quot;Практичний словник синонімів української мови&quot;</a>, &quot;<a href=\"http://www.bak.lviv.ua/index.php?option=com_content&amp;task=view&amp;id=54&amp;Itemid=11\">Російсько-український  словник складної лексики</a>&quot; та <a href=\"http://www.bak.lviv.ua//index.php?option=com_content&task=view&id=53&Itemid=11\">&quot;Словник рим української мови&quot;</a>, мовознавчі праці &quot;<a href=\"http://www.bak.lviv.ua/index.php?option=com_content&task=view&id=103&Itemid=7\">До зір крізь терня, або хочу бути редактором</a>&quot;, &quot;<a href=\"http://www.bak.lviv.ua/index.php?option=com_content&task=view&id=117&Itemid=7\">Секрети української мови</a>&quot;.&nbsp;&nbsp;, а також проза, поезія, переклади, гумор і публіцистика Святослава Караванського у книзі &quot;<a href=\"http://www.bak.lviv.ua/index.php?option=com_content&task=view&id=149&Itemid=14\">Книга-журнал одного автора</a>&quot;.&nbsp;&nbsp;<br />. </p>\r\n\r\n\r\n\r\n\r\n\r\n', '2012-09-12', '767', '0');
INSERT INTO `news` VALUES ('227', 'Нова книга Еви Гати - AVE EVA ', 'Вийшла з друку нова книга Еви Гати \r\n<a href=\"http://www.bak.lviv.ua//index.php?option=com_content&task=view&id=222&Itemid=11\">\r\n\"Ave Eva\"</a>.<br />Це унікальний двомовний проект українською та польською мовами.<br />\r\nПереклад на польську мову Ольги Кіх.<br />\r\nПрезентація книги відбудеться Форумі видавців у Львові.\r\n\r\n</p><p>До Вашої уваги також: \r\n&quot;<a href=\"http://www.bak.lviv.ua/index.php?option=com_content&task=view&id=142&Itemid=14\">\r\nНароджена у джерелі, або шлях від Царства до Корони &quot;</a>&nbsp;,<a href=\"http://www.bak.lviv.ua//index.php?option=com_content&task=view&id=216&Itemid=11\">\r\n\"Тут і Там, або стежка між Парнасом і Олімпом\" і \"Три чесноти, або казка про оріхалк\"</a>,\r\n<a href=\"index.php?option=com_content&amp;task=view&amp;id=83&amp;Itemid=14\">&quot;Очищення, або роблю, що хочу&quot;</a>, &quot;<a href=\"http://www.bak.lviv.ua/index.php?option=com_content&task=view&id=166&Itemid=14\">Бланік відчиняє двері&quot;</a>&nbsp;, <a href=\"index.php?option=com_content&amp;task=view&amp;id=173&amp;Itemid=14\">&quot;Katharsis, oder was ich will, das tue ich &quot;</a>,<a href=\"index.php?option=com_content&amp;task=view&amp;id=147&amp;Itemid=14\">&quot;Катарсис, или что хочу, то и делаю&quot;</a>.\r\n\r\n\r\n\r\n<br />. </p> \r\n\r\n ', '2012-09-12', '672', '0');
INSERT INTO `news` VALUES ('228', 'Презентація книги Еви Гати \"AVE EVA\"', 'У середу 26-го вересня о 15.00 в ауд. 204 головного корпусу Національного університету \"Львівська Політехніка\" відбудеться презентація книги Еви Гати <a href=\"http://www.bak.lviv.ua//index.php?option=com_content&task=view&id=222&Itemid=11\">\r\n\"AVE EVA\"</a> та творча зустріч з автором та перекладачем на польську д-р Ольгою Кіх-Маслей з Ягеллонського Університету (Краків).  <br />\r\nОрганізатор: Міжнародний інститут освіти, культури та зв\'язків з діаспорою.\r\n<br /><br />\r\n\r\nУ п\'ятницю 28 вересня 0 10.00 в головному читальному залі Наукової бібліотеки Львівського національного університету імені Івана Франка відбудеться презентація книги Еви Гати <a href=\"http://www.bak.lviv.ua//index.php?option=com_content&task=view&id=222&Itemid=11\">\r\n\"AVE EVA\"</a> та творча зустріч з автором та перекладачем. <br />\r\nМодератор зустрічі - вчений секретар Наукової бібліотеки Григорій Чопик.  ', '2012-09-19', '692', '0');
INSERT INTO `news` VALUES ('229', 'Книга Еви Гати серед номінантів на премію Книга року BBC - 2012', 'Редакція ВВС Україна сформувала список премії Книга року ВВС – 2012. До «довгого списку» книжкової премії увійшли 20 видань, серед яких книга Еви Гати &quot;<a href=\"http://www.bak.lviv.ua/index.php?option=com_content&task=view&id=142&Itemid=14\">\r\nНароджена у джерелі, або шлях від Царства до Корони\r\n\r\n&quot;</a>&nbsp;. ', '2012-10-19', '649', '0');
INSERT INTO `news` VALUES ('233', 'Електронні версії книг Еви Гати', 'Електронні версії книг Еви Гати можна придбати на \r\n\r\n<a href=\"\r\nhttp://www.store.kassiopeya.com/index.php?manufacturers_id=73\r\n\" >\r\nkassiopeya.com</a>\r\n, або<br />\r\n\r\n\r\n<a href=\"\r\nhttp://www.amazon.com/s/ref=nb_sb_noss?url=search-alias%3Daps&field-keywords=eva+gata\r\n\r\n\" >\r\namazon.com\r\n</a>\r\n\r\n\r\n', '2012-12-09', '677', '0');
INSERT INTO `news` VALUES ('237', 'Цілющі рослини України - серед кращих книжок 2012 року', 'Книга Івана Шавеля &quot;<a href=\"http://www.bak.lviv.ua/index.php?option=com_content&task=view&id=143&Itemid=14\">\r\n\r\nЦілющі рослини України\r\n&quot;</a>&nbsp;в п\'ятірці Лідерів літа Конкурсу «Книжка року’2012» (номінація «Обрії»).', '2013-01-25', '640', '0');
INSERT INTO `news` VALUES ('238', 'Практичний словник синонімів української мови серед кращих книг 2012 року', '<a href=\"http://www.bak.lviv.ua//index.php?option=com_content&task=view&id=189&Itemid=11\">&quot;Практичний словник синонімів української мови&quot;</a>  Святослава Караванського в Короткому списку кращих книг 2012 року конкурсу\r\n«Книжка року»-2012»\" (номінація «Обрії».', '2013-01-25', '697', '0');
INSERT INTO `news` VALUES ('239', 'Презентація Живопису Галини Новоженець', '5 березня 2013 р. о 18 год. в галереї \"Коралі\" (вул. Менцинського, 5) врамках виставки живопису Галини Новоженець \"Золото-злото\" відбудеться презентація мистецького альбому <a href=\"http://www.bak.lviv.ua//index.php?option=com_content&task=view&id=231&Itemid=15\">&quot;Живопис Галини Новоженець&quot;</a>.\r\n\r\n', '2013-03-04', '692', '0');
INSERT INTO `news` VALUES ('240', 'Книжкова толока в Миколаєві', 'Запрошуємо познайомитися з нашими виданнями 24-25 березна на книжковій толоці в м. Миколаєві.', '2013-03-14', '627', '0');
INSERT INTO `news` VALUES ('241', 'Нова книга Еви Гати - Музичні фрески', 'Вийшла з друку нова книга Еви Гати \r\n<a href=\"http://www.bak.lviv.ua//index.php?option=com_content&task=view&id=235&Itemid=14\">\r\n\"Музичні фрески\"</a>. <br />Презентація відбудеться 11 квітня 2013 року о 18 год. в Книгарні \"Є\" (м. Львів, пр. Свободи, 7).\r\n\r\n</p><p>До Вашої уваги також: \r\n&quot;<a href=\"http://www.bak.lviv.ua/index.php?option=com_content&task=view&id=142&Itemid=14\">\r\nНароджена у джерелі, або шлях від Царства до Корони &quot;</a>&nbsp;,<a href=\"http://www.bak.lviv.ua//index.php?option=com_content&task=view&id=216&Itemid=11\">\r\n\"Тут і Там, або стежка між Парнасом і Олімпом\" і \"Три чесноти, або казка про оріхалк\"</a>,\r\n<a href=\"index.php?option=com_content&amp;task=view&amp;id=83&amp;Itemid=14\">&quot;Очищення, або роблю, що хочу&quot;</a>, &quot;<a href=\"http://www.bak.lviv.ua/index.php?option=com_content&task=view&id=166&Itemid=14\">Бланік відчиняє двері&quot;</a>&nbsp;, <a href=\"index.php?option=com_content&amp;task=view&amp;id=173&amp;Itemid=14\">&quot;Katharsis, oder was ich will, das tue ich &quot;</a>,<a href=\"index.php?option=com_content&amp;task=view&amp;id=147&amp;Itemid=14\">&quot;Катарсис, или что хочу, то и делаю&quot;</a>.\r\n\r\n\r\n', '2013-03-22', '677', '0');
INSERT INTO `news` VALUES ('242', 'Нові книги Віри Вовк', 'Вийшли з друку нові книги відомої української письменниці з Бразилії Віри Вовк, Лауреата Шевченківської премії 2008 року \r\n\r\n\r\n<a href=\"index.php?option=com_content&task=view&id=234&Itemid=18\" target=\"_blank\">&quot;Диптих &quot;</a> і\r\n <a href=\"index.php?option=com_content&task=view&id=230&Itemid=18\" target=\"_blank\">&quot;Казки і містерії&quot;</a>.\r\n\r\n<br />Презентація відбудеться 11 квітня 2013 року о 16 год. в Дзеркальній залі палацу Потоцьких (м. Львів, вул. Коперника, 7).\r\n\r\n</p><p>До вашої уваги також <a href=\"index.php?option=com_content&amp;task=view&amp;id=87&amp;Itemid=14\" target=\"_blank\">&quot;Коляда на Щедрий вечір&quot;</a>&quot;, <a href=\"http://www.bak.lviv.ua/index.php?option=com_content&amp;task=view&amp;id=76&amp;Itemid=14\">Напис  на скарабею</a>&quot;, <a href=\"index.php?option=com_content&amp;task=view&amp;id=156&amp;Itemid=14\" target=\"_blank\">&quot;Тотем скальних соколів, &quot;<a href=\"http://www.bak.lviv.ua/index.php?option=com_content&amp;task=view&amp;id=70&amp;Itemid=14\">Каравела</a>&quot;,  \r\n<a href=\"index.php?option=com_content&task=view&id=161&Itemid=14\" target=\"_blank\">&quot;Мережа&quot;</a>, <a href=\"http://www.bak.lviv.ua/index.php?option=com_content&amp;task=view&amp;id=174&amp;Itemid=14\">Знамено&quot;</a> та <a href=\"index.php?option=com_content&task=view&id=191&Itemid=18\" target=\"_blank\">&quot;Чар-писанка&quot;</a>, <a href=\"index.php?option=com_content&task=view&id=218&Itemid=18\" target=\"_blank\">&quot;Зеніт&quot;</a>,\r\n <a href=\"index.php?option=com_content&task=view&id=217&Itemid=18\" target=\"_blank\">&quot;Сатирикон&quot;</a>.\r\n\r\n', '2013-03-27', '630', '0');
INSERT INTO `news` VALUES ('243', 'ЛітАкцент року - 2013', 'До базового списку книжок, номіноваих на премію \"ЛітАкцент року - 2013\", увійшла книга Еви Гати <a href=\"http://www.bak.lviv.ua//index.php?option=com_content&task=view&id=235&Itemid=14\">\"Музичні фрески\"</a>.', '2013-03-31', '646', '0');
INSERT INTO `news` VALUES ('245', 'Тернопіль: Джура-фест-2013', 'Запрошуємо 25-27 квітня 2013 року відвідати наш стенд на Четвертому Всеукраїнському фестивалі української книжки «Джура-фест-2013» в Тернополі (Український дім «Перемога»).<br />\r\n25 квітня о 12.30 зустріч письменниці Єви Гати зі студентами та викладачами Тернопільського національного педагогічного університету імені В.Гнатюка (ауд. 76), а о 14.30 - з читачами у Тернопільській обласній бібліотеці для молоді (вул. Нечая. 29). ', '2013-04-23', '603', '0');
INSERT INTO `news` VALUES ('246', 'Книжковий арсенал 2013', 'Запрошуємо 24.05-01.06 2013 року відвідати наш стенд на Третьому Міжнародному фестивалі «Книжковий арсенал» у Києві (вул. Лаврська 10-12).<br />Презентація нових книг Еви Гати, Віри Вовк, Святослава Караванського. Автограф-сесії з Евою Гатою.\r\n', '2013-05-15', '597', '0');
INSERT INTO `news` VALUES ('247', 'Гумористичний самвидав Святослава Караванського', 'Пропонуємо Вашій увазі збірку відомого мовознавця, колишнього в’язня Ґулаґу Святослава Караванського - <a href=\"http://www.bak.lviv.ua//index.php?option=com_content&task=view&id=236&Itemid=11\">&quot;Гумористичний самвидав&quot;</a>. Вперше видана у Філадельфії в 1982 р.<br />\r\n\"«Гумористичний самвидав» – це нецензурована творчість сотень і тисяч безіменних народніх гумористів у літературній обробці автора.\r\nСьогодні нема СССР, але носталгія за ним живе серед тих, хто жив коштом визиску «безпартійних большевиків». \r\nМолодому поколінню, яке хоче знати правду про все, що діється й діялось у світі, не зашкодить бути в курсі стосунків, які існували у колишньому «безкласовому» суспільстві\" (з передмови автора).\r\n\r\n\r\n', '2013-05-17', '615', '0');
INSERT INTO `news` VALUES ('251', 'Книга Святослава Караванського серед Лідерів літа Всеукраїнського рейтинґу «Книжка року’2013» ', 'Книга Святослава Караванського <a href=\"http://www.bak.lviv.ua//index.php?option=com_content&task=view&id=220&Itemid=11\">&quot;Звідки пішла єсть московська мова або шила в мішку не сховаєш&quot;</a> в списку Лідерів літа Всеукраїнського рейтинґу «Книжка року’2013» (номінація \"Обрії\"). ', '2013-08-29', '740', '0');
INSERT INTO `news` VALUES ('252', 'Книги Еви Гати серед Лідерів літа Всеукраїнського рейтинґу «Книжка року’2013» ', 'Книги Еви Гати\r\n <a href=\"http://www.bak.lviv.ua//index.php?option=com_content&task=view&id=235&Itemid=14\">\r\n\"Музичні фрески\"</a>, \r\n<a href=\"http://www.bak.lviv.ua//index.php?option=com_content&task=view&id=222&Itemid=11\">\r\n\"Ave Eva\"</a>,\r\n\r\n<a href=\"http://www.bak.lviv.ua//index.php?option=com_content&task=view&id=216&Itemid=11\">\r\n\"Тут і Там, або стежка між Парнасом і Олімпом\" і \"Три чесноти, або казка про оріхалк\"</a>\r\n \r\nв списку Лідерів літа Всеукраїнського рейтинґу «Книжка року’2013» (номінація \"Красне письменство\").\r\n\r\n', '2013-08-29', '672', '0');
INSERT INTO `news` VALUES ('253', 'Форум видавців 2013', 'З 10 по 15 вересня запрошуємо відвідати наш стенд (#328, 3-й поверх) на Форумі видавців у Львові.\r\nПрезентація нових книг Віри Вовк, Святослава Караванського, Еви Гати. Автограф-сесії з Евою Гатою (www.evagata.com).', '2013-09-03', '589', '0');
INSERT INTO `news` VALUES ('254', 'Лист до Грероя пера - Марії Матіос - нова книга Святослава Караванського', 'Пропонуємо Вашій увазі нову книгу відомого мовознавця Святослава Караванського - <a href=\"http://www.bak.lviv.ua//index.php?option=com_content&task=view&id=248&Itemid=11\">&quot;Лист до Героя пера - Марії Матіос&quot;</a>. Ця збірка листів та статей автора стане у пригоді всім, хто цікавиться українською мовою та шляхами її відродження після сталінського мовного Голодомору. Читач знайде у цій збірці й низку інших  матеріялів на теми, які хвилюють сучасників. Збірку розраховано на широке коло читачів від учнів та студентів до державних діячів.\r\n\r\n\r\n \r\n</p>\r\n\r\n</p><p>До Вашої уваги словники Святослава Караванського: <a href=\"http://www.bak.lviv.ua//index.php?option=com_content&task=view&id=189&Itemid=11\">&quot;Практичний словник синонімів української мови&quot;</a>, &quot;<a href=\"http://www.bak.lviv.ua/index.php?option=com_content&amp;task=view&amp;id=54&amp;Itemid=11\">Російсько-український  словник складної лексики</a>&quot; та <a href=\"http://www.bak.lviv.ua//index.php?option=com_content&task=view&id=53&Itemid=11\">&quot;Словник рим української мови&quot;</a>, мовознавчі праці &quot;<a href=\"http://www.bak.lviv.ua/index.php?option=com_content&task=view&id=103&Itemid=7\">До зір крізь терня, або хочу бути редактором</a>&quot;, &quot;<a href=\"http://www.bak.lviv.ua/index.php?option=com_content&task=view&id=117&Itemid=7\">Секрети української мови</a>&quot;.&nbsp;&nbsp;, а також проза, поезія, переклади, гумор і публіцистика: &quot;<a href=\"http://www.bak.lviv.ua/index.php?option=com_content&task=view&id=149&Itemid=14\">Книга-журнал одного автора</a>&quot;, &quot;<a href=\"http://www.bak.lviv.ua/index.php?option=com_content&task=view&id=236&Itemid=14\">Гумористичний самвидав</a>&quot;.&nbsp;&nbsp;<br />. </p>', '2013-09-04', '540', '0');
INSERT INTO `news` VALUES ('257', 'Нова книга Віри Вовк - Паломник', 'Вийшла з друку нова книга відомої української письменниці з Бразилії Віри Вовк, Лауреата Шевченківської премії 2008 року \r\n\r\n\r\n<a href=\"index.php?option=com_content&task=view&id=255&Itemid=18\" target=\"_blank\"> - &quot;Паломник &quot;</a>.\r\n\r\n<br />\r\n\r\n</p><p>До вашої уваги також <a href=\"index.php?option=com_content&amp;task=view&amp;id=87&amp;Itemid=14\" target=\"_blank\">&quot;Коляда на Щедрий вечір&quot;</a>&quot;, <a href=\"http://www.bak.lviv.ua/index.php?option=com_content&amp;task=view&amp;id=76&amp;Itemid=14\">Напис  на скарабею</a>&quot;, <a href=\"index.php?option=com_content&amp;task=view&amp;id=156&amp;Itemid=14\" target=\"_blank\">&quot;Тотем скальних соколів, &quot;<a href=\"http://www.bak.lviv.ua/index.php?option=com_content&amp;task=view&amp;id=70&amp;Itemid=14\">Каравела</a>&quot;,  \r\n<a href=\"index.php?option=com_content&task=view&id=161&Itemid=14\" target=\"_blank\">&quot;Мережа&quot;</a>, <a href=\"http://www.bak.lviv.ua/index.php?option=com_content&amp;task=view&amp;id=174&amp;Itemid=14\">Знамено&quot;</a> та <a href=\"index.php?option=com_content&task=view&id=191&Itemid=18\" target=\"_blank\">&quot;Чар-писанка&quot;</a>, <a href=\"index.php?option=com_content&task=view&id=218&Itemid=18\" target=\"_blank\">&quot;Зеніт&quot;</a>,\r\n <a href=\"index.php?option=com_content&task=view&id=217&Itemid=18\" target=\"_blank\">&quot;Сатирикон&quot;</a>, <a href=\"index.php?option=com_content&task=view&id=230&Itemid=18\" target=\"_blank\">&quot;Казки і містерії&quot;</a>, <a href=\"index.php?option=com_content&task=view&id=234&Itemid=18\" target=\"_blank\">&quot;Диптих &quot;</a>.', '2013-10-31', '545', '0');
INSERT INTO `news` VALUES ('260', 'Книга Оксани Заячківської про Адельфа і Генрика Беків серед кращих в номінації \"Книга року 2013\"', '&#1050;&#1085;&#1080;&#1075;&#1072; &#1054;&#1082;&#1089;&#1072;&#1085;&#1080; &#1047;&#1072;&#1103;&#1095;&#1082;&#1110;&#1074;&#1089;&#1100;&#1082;&#1086;&#1111; <a href=\"http://www.bak.lviv.ua//index.php?option=com_content&task=view&id=249&Itemid=11\">&quot;&#1057;&#1074;&#1110;&#1090; &#1040;&#1076;&#1086;&#1083;&#1100;&#1092;&#1072; &#1041;&#1077;&#1082;&#1072; &#1086;&#1095;&#1080;&#1084;&#1072; &#1043;&#1077;&#1085;&#1088;&#1080;&#1082;&#1072; &#1041;&#1077;&#1082;&#1072;: &#1094;&#1110;&#1083;&#1082;&#1086;&#1084; &#1085;&#1077;&#1086;&#1092;&#1110;&#1094;&#1110;&#1081;&#1085;&#1086; &quot;</a> &#1089;&#1077;&#1088;&#1077;&#1076; &#1082;&#1088;&#1072;&#1097;&#1080;&#1093; &#1082;&#1085;&#1080;&#1075; &#1088;&#1077;&#1081;&#1090;&#1080;&#1085;&#1075;&#1091; \"&#1050;&#1085;&#1080;&#1078;&#1082;&#1072; &#1088;&#1086;&#1082;&#1091; 2013\" (&#1085;&#1086;&#1084;&#1110;&#1085;&#1072;&#1094;&#1110;&#1103; \"&#1052;&#1080;&#1085;&#1091;&#1074;&#1096;&#1080;&#1085;&#1072;\"/&#1041;&#1110;&#1086;&#1075;&#1088;&#1072;&#1092;&#1110;&#1111;, &#1084;&#1077;&#1084;&#1091;&#1072;&#1088;&#1080;).\r\n\r\n\r\n\r\n\r\n\r\n\r\n\r\n\r\n\r\n\r\n\r\n\r\n\r\n\r\n\r\n\r\n', '2014-01-11', '558', '0');
INSERT INTO `news` VALUES ('261', 'Книги Святослава Караванського серед кращих в номінації \"Книга року 2013\"', '&#1050;&#1085;&#1080;&#1075;&#1072; &#1057;&#1074;&#1103;&#1090;&#1086;&#1074;&#1083;&#1072;&#1074;&#1072; &#1050;&#1072;&#1088;&#1072;&#1074;&#1072;&#1085;&#1089;&#1100;&#1082;&#1086;&#1075;&#1086; <a href=\"http://www.bak.lviv.ua//index.php?option=com_content&task=view&id=220&Itemid=11\">&quot;&#1047;&#1074;&#1110;&#1076;&#1082;&#1080; &#1087;&#1110;&#1096;&#1083;&#1072; &#1108;&#1089;&#1090;&#1100; &#1084;&#1086;&#1089;&#1082;&#1086;&#1074;&#1089;&#1100;&#1082;&#1072; &#1084;&#1086;&#1074;&#1072; &#1072;&#1073;&#1086; &#1096;&#1080;&#1083;&#1072; &#1074; &#1084;&#1110;&#1096;&#1082;&#1091; &#1085;&#1077; &#1089;&#1093;&#1086;&#1074;&#1072;&#1108;&#1096;&quot;</a> &#1089;&#1077;&#1088;&#1077;&#1076; &#1082;&#1088;&#1072;&#1097;&#1080;&#1093; &#1079;&#1072; &#1087;&#1110;&#1076;&#1089;&#1091;&#1084;&#1082;&#1072;&#1084;&#1080; &#1088;&#1077;&#1081;&#1090;&#1080;&#1085;&#1075;&#1091; \"&#1050;&#1085;&#1080;&#1078;&#1082;&#1072; &#1088;&#1086;&#1082;&#1091; 2013\" (&#1085;&#1086;&#1084;&#1110;&#1085;&#1072;&#1094;&#1110;&#1103; \"&#1054;&#1073;&#1088;&#1110;&#1111;\" / &#1045;&#1085;&#1094;&#1080;&#1082;&#1083;&#1086;&#1087;&#1077;&#1076;&#1080;&#1095;&#1085;&#1110; &#1090;&#1072; &#1076;&#1086;&#1074;&#1110;&#1076;&#1082;&#1086;&#1074;&#1110; &#1074;&#1080;&#1076;&#1072;&#1085;&#1085;&#1103;). \r\n<br /><br />\r\n\r\n&#1050;&#1085;&#1080;&#1075;&#1072; &#1057;&#1074;&#1103;&#1090;&#1086;&#1074;&#1083;&#1072;&#1074;&#1072; &#1050;&#1072;&#1088;&#1072;&#1074;&#1072;&#1085;&#1089;&#1100;&#1082;&#1086;&#1075;&#1086; <a href=\"http://www.bak.lviv.ua//index.php?option=com_content&task=view&id=248&Itemid=11\">&quot;Лист до Героя пера - Марії Матіос&quot;</a> &#1089;&#1077;&#1088;&#1077;&#1076; &#1082;&#1088;&#1072;&#1097;&#1080;&#1093; &#1079;&#1072; &#1087;&#1110;&#1076;&#1089;&#1091;&#1084;&#1082;&#1072;&#1084;&#1080; &#1088;&#1077;&#1081;&#1090;&#1080;&#1085;&#1075;&#1091; \"&#1050;&#1085;&#1080;&#1078;&#1082;&#1072; &#1088;&#1086;&#1082;&#1091; 2013\" (&#1085;&#1086;&#1084;&#1110;&#1085;&#1072;&#1094;&#1110;&#1103; \"&#1054;&#1073;&#1088;&#1110;&#1111;\" / Публіцистика, сучасні мемуари). \r\n\r\n\r\n', '2014-01-11', '556', '0');
INSERT INTO `news` VALUES ('262', 'Книга Віри Вовк серед кращих у номінації \"Книга року 2013\"', '&#1050;&#1085;&#1080;&#1075;&#1072; &#1042;&#1110;&#1088;&#1080; &#1042;&#1086;&#1074;&#1082; <a href=\"index.php?option=com_content&task=view&id=230&Itemid=18\" target=\"_blank\">&quot;&#1050;&#1072;&#1079;&#1082;&#1080; &#1110; &#1084;&#1110;&#1089;&#1090;&#1077;&#1088;&#1110;&#1111;&quot;</a> &#1089;&#1077;&#1088;&#1077;&#1076; &#1082;&#1088;&#1072;&#1097;&#1080;&#1093; &#1091; &#1088;&#1077;&#1081;&#1090;&#1080;&#1085;&#1075;&#1091; \"&#1050;&#1085;&#1080;&#1075;&#1072; &#1088;&#1086;&#1082;&#1091; 2013\" (&#1085;&#1086;&#1084;&#1110;&#1085;&#1072;&#1094;&#1110;&#1103; \"&#1044;&#1080;&#1090;&#1103;&#1095;&#1077; &#1089;&#1074;&#1103;&#1090;&#1086;\" / &#1090;&#1074;&#1086;&#1088;&#1080; &#1076;&#1083;&#1103; &#1096;&#1082;&#1086;&#1083;&#1103;&#1088;&#1110;&#1074; &#1084;&#1086;&#1083;&#1086;&#1076;&#1096;&#1080;&#1093; &#1110; &#1089;&#1077;&#1088;&#1077;&#1076;&#1085;&#1110;&#1093; &#1082;&#1083;&#1072;&#1089;&#1110;&#1074;).', '2014-01-12', '783', '0');
INSERT INTO `news` VALUES ('263', 'Книги Еви Гати серед кращих у номінації \"Книга року 2013\"', '&#1050;&#1085;&#1080;&#1075;&#1080; &#1045;&#1074;&#1080; &#1043;&#1072;&#1090;&#1080;\r\n <a href=\"http://www.bak.lviv.ua//index.php?option=com_content&task=view&id=235&Itemid=14\">\r\n\"&#1052;&#1091;&#1079;&#1080;&#1095;&#1085;&#1110; &#1092;&#1088;&#1077;&#1089;&#1082;&#1080;\"</a>, \r\n<a href=\"http://www.bak.lviv.ua//index.php?option=com_content&task=view&id=222&Itemid=11\">\r\n\"Ave Eva\"</a>,\r\n\r\n<a href=\"http://www.bak.lviv.ua//index.php?option=com_content&task=view&id=216&Itemid=11\">\r\n\"&#1058;&#1091;&#1090; &#1110; &#1058;&#1072;&#1084;, &#1072;&#1073;&#1086; &#1089;&#1090;&#1077;&#1078;&#1082;&#1072; &#1084;&#1110;&#1078; &#1055;&#1072;&#1088;&#1085;&#1072;&#1089;&#1086;&#1084; &#1110; &#1054;&#1083;&#1110;&#1084;&#1087;&#1086;&#1084;\" &#1110; \"&#1058;&#1088;&#1080; &#1095;&#1077;&#1089;&#1085;&#1086;&#1090;&#1080;, &#1072;&#1073;&#1086; &#1082;&#1072;&#1079;&#1082;&#1072; &#1087;&#1088;&#1086; &#1086;&#1088;&#1110;&#1093;&#1072;&#1083;&#1082;\"</a>\r\n \r\n&#1089;&#1077;&#1088;&#1077;&#1076; &#1082;&#1088;&#1072;&#1097;&#1080;&#1093; &#1091; &#1088;&#1077;&#1081;&#1090;&#1080;&#1085;&#1169;&#1091; «&#1050;&#1085;&#1080;&#1078;&#1082;&#1072; &#1088;&#1086;&#1082;&#1091;’2013» (&#1085;&#1086;&#1084;&#1110;&#1085;&#1072;&#1094;&#1110;&#1103; \"&#1050;&#1088;&#1072;&#1089;&#1085;&#1077; &#1087;&#1080;&#1089;&#1100;&#1084;&#1077;&#1085;&#1089;&#1090;&#1074;&#1086;\" / &#1078;&#1072;&#1085;&#1088;&#1086;&#1074;&#1072; &#1083;&#1110;&#1090;&#1077;&#1088;&#1072;&#1090;&#1091;&#1088;&#1072;).', '2014-01-12', '641', '0');
INSERT INTO `news` VALUES ('264', 'Іван Франко: Беркут', '&#1047; &#1091;&#1082;&#1088;&#1080;&#1090;&#1086;&#1075;&#1086; &#1075;&#1085;&#1110;&#1079;&#1076;&#1072; &#1074; &#1089;&#1082;&#1072;&#1083;&#1080;&#1089;&#1090;&#1110;&#1081; &#1076;&#1077;&#1089;&#1100; &#1097;&#1110;&#1083;&#1080;&#1085;&#1110;<br />\r\n&#1047; &#1090;&#1103;&#1078;&#1082;&#1080;&#1084; &#1074;&#1110;&#1085; &#1088;&#1086;&#1079;&#1084;&#1072;&#1093;&#1086;&#1084; &#1088;&#1074;&#1086;&#1085;&#1091;&#1074;&#1089;&#1100; &#1087;&#1110;&#1076; &#1093;&#1084;&#1072;&#1088;&#1080; &#1089;&#1080;&#1085;&#1110; -<br />\r\n&#1047; &#1090;&#1072;&#1108;&#1084;&#1085;&#1080;&#1093; &#1084;&#1086;&#1074; &#1076;&#1078;&#1077;&#1088;&#1077;&#1083; &#1075;&#1085;&#1110;&#1074;&#1083;&#1080;&#1074;&#1072; &#1076;&#1091;&#1084;&#1082;&#1072; &#1088;&#1074;&#1077;&#1090;&#1100;&#1089;&#1103;,<br />\r\n&#1054;&#1073;&#1083;&#1077;&#1090;&#1080;&#1090;&#1100; &#1089;&#1074;&#1110;&#1090;, &#1110; &#1072;&#1078; &#1086; &#1085;&#1077;&#1073;&#1072; &#1079;&#1074;&#1110;&#1076; &#1086;&#1087;&#1088;&#1077;&#1090;&#1100;&#1089;&#1103;,<br />\r\n&#1030; &#1073;\'&#1108; &#1074;&#1072;&#1078;&#1082;&#1080;&#1084; &#1082;&#1088;&#1080;&#1083;&#1086;&#1084;, &#1076;&#1077; &#1083;&#1080;&#1096; &#1089;&#1103;&#1075;&#1085;&#1091;&#1090;&#1080; &#1079;&#1084;&#1086;&#1078;&#1077;,<br />\r\n&#1030; &#1079;&#1074;&#1077;: \" &#1044;&#1077; &#1087;&#1088;&#1072;&#1074;&#1076;&#1072; &#1090;&#1072;?  &#1044;&#1077; &#1090;&#1080;, &#1074;&#1077;&#1083;&#1080;&#1082;&#1080;&#1081; &#1073;&#1086;&#1078;&#1077;?<br />\r\n&#1042;&#1089;&#1110; &#1079;&#1086;&#1088;&#1110; &#1079;&#1073;&#1110;&#1075;&#1083;&#1072; &#1103;, &#1072;&#1090;&#1086;&#1084;&#1080; &#1074;&#1089;&#1110; &#1074; &#1087;&#1088;&#1080;&#1088;&#1086;&#1076;&#1110;<br />\r\n&#1055;&#1077;&#1088;&#1077;&#1096;&#1091;&#1082;&#1072;&#1083;&#1072; &#1089;&#1082;&#1088;&#1110;&#1079;&#1100;, &#1090;&#1077;&#1073;&#1077; &#1078; &#1089;&#1087;&#1110;&#1090;&#1082;&#1072;&#1090;&#1080; &#1075;&#1086;&#1076;&#1110;.<br /><br />\r\n\r\n&#1042; &#1073;&#1083;&#1072;&#1082;&#1080;&#1090;&#1110; &#1074;&#1110;&#1085; &#1079;&#1072;&#1074;&#1080;&#1089; &#1085;&#1077;&#1076;&#1074;&#1080;&#1078;&#1085;&#1080;&#1081;, &#1088;&#1086;&#1079;&#1087;&#1088;&#1086;&#1089;&#1090;&#1077;&#1088;&#1090;&#1080;&#1081;,<br />\r\n&#1052;&#1086;&#1074; &#1085;&#1072;&#1076; &#1078;&#1080;&#1090;&#1090;&#1103;&#1084; &#1075;&#1088;&#1110;&#1079;&#1085;&#1080;&#1081;, &#1085;&#1077;&#1074;&#1087;&#1080;&#1085;&#1085;&#1080;&#1081; &#1086;&#1073;&#1088;&#1072;&#1079; &#1089;&#1084;&#1077;&#1088;&#1090;&#1080;.<br />\r\n&#1047;&#1076;&#1072;&#1108;&#1089;&#1100;, &#1097;&#1086; &#1076;&#1086; &#1085;&#1077;&#1073;&#1077;&#1089; &#1074;&#1110;&#1085; &#1075;&#1074;&#1086;&#1079;&#1076;&#1103;&#1084;&#1080; &#1087;&#1088;&#1080;&#1073;&#1080;&#1090;&#1080;&#1081;,<br />\r\n&#1058;&#1072; &#1095;&#1091;&#1108;&#1096;, &#1097;&#1086; &#1074;&#1110;&#1085; &#1075;&#1085;&#1077;&#1090;&#1100; &#1074;&#1085;&#1080;&#1079; &#1074;&#1077;&#1088;&#1078;&#1077;&#1089;&#1100;- &#1082;&#1088;&#1086;&#1074; &#1087;&#1088;&#1086;&#1083;&#1080;&#1090;&#1080;.<br />\r\n&#1058;&#1080; &#1095;&#1091;&#1108;&#1096; &#1089;&#1077;, &#1110; &#1078;&#1072;&#1093; &#1090;&#1077;&#1073;&#1077; &#1087;&#1088;&#1086;&#1093;&#1086;&#1076;&#1080;&#1090;&#1100; &#1079;&#1080;&#1084;&#1085;&#1080;&#1081;:<br />\r\n&#1058;&#1072;&#1078; &#1085;&#1072;&#1076; &#1090;&#1086;&#1073;&#1086;&#1102; &#1090;&#1086;&#1078; &#1079;&#1072;&#1074;&#1080;&#1089; &#1073;&#1077;&#1088;&#1082;&#1091;&#1090; &#1085;&#1077;&#1089;&#1090;&#1088;&#1080;&#1084;&#1085;&#1080;&#1081;!<br />\r\n&#1042;&#1110;&#1085; &#1085;&#1077; &#1093;&#1080;&#1073;&#1085;&#1077; &#1090;&#1077;&#1073;&#1077;, &#1093;&#1086;&#1095; &#1103;&#1082; &#1074;&#1080;&#1089;&#1086;&#1082;&#1086; &#1074;&#1080;&#1089;&#1080;&#1090;&#1100;!<br />\r\n&#1063;&#1080; &#1084;&#1085;&#1086;&#1075;&#1086; &#1090;&#1086; &#1097;&#1077; &#1093;&#1074;&#1080;&#1083;&#1100; &#1090;&#1086;&#1073;&#1110; &#1075;&#1091;&#1083;&#1103;&#1090;&#1080; &#1083;&#1080;&#1096;&#1080;&#1090;&#1100;?..<br /><br />\r\n\r\n&#1054;&#1089;&#1100; &#1088;&#1091;&#1096;&#1080;&#1074; &#1074;&#1110;&#1085;. &#1055;&#1083;&#1080;&#1074;&#1077; &#1073;&#1077;&#1079; &#1084;&#1072;&#1093;&#1091; &#1082;&#1088;&#1080;&#1083; &#1074; &#1073;&#1083;&#1072;&#1082;&#1080;&#1090;&#1110;,<br />\r\n&#1052;&#1086;&#1074; &#1095;&#1086;&#1074;&#1085;&#1080;&#1082; &#1044;&#1086;&#1083;&#1110; &#1090;&#1095;&#1077; &#1076;&#1085;&#1110;&#1074; &#1085;&#1072;&#1096;&#1080;&#1093; &#1087;&#1072;&#1089;&#1084;&#1072; &#1089;&#1082;&#1088;&#1080;&#1090;&#1110;.<br />\r\n&#1057;&#1087;&#1086;&#1082;&#1110;&#1081;&#1085;&#1086; &#1082;&#1086;&#1083;&#1077;&#1089;&#1080;&#1090;&#1100;, &#1079;&#1085;&#1080;&#1078;&#1072;&#1108;&#1089;&#1100;, &#1079;&#1085;&#1086;&#1074; &#1079;&#1088;&#1080;&#1074;&#1072;&#1108;&#1089;&#1100;.<br />\r\n&#1047;&#1072; &#1093;&#1084;&#1072;&#1088;&#1091; &#1082;&#1088;&#1080;&#1108;&#1090;&#1100;&#1089;&#1103;, &#1074; &#1083;&#1072;&#1079;&#1091;&#1088;&#1110; &#1088;&#1086;&#1079;&#1087;&#1083;&#1080;&#1074;&#1072;&#1108;&#1089;&#1100;.<br />\r\n&#1051;&#1080;&#1096; &#1086;&#1089;&#1090;&#1088;&#1080;&#1081; &#1082;&#1088;&#1080;&#1082; &#1081;&#1086;&#1075;&#1086; &#1074;&#1110;&#1089;&#1090;&#1080;&#1090;&#1100;, &#1097;&#1086; &#1074;&#1110;&#1085; &#1075;&#1086;&#1083;&#1086;&#1076;&#1085;&#1080;&#1081;!<br />\r\n&#1058;&#1072;&#1082; &#1074; &#1095;&#1072;&#1089; &#1090;&#1080;&#1096;&#1110; &#1085;&#1077; &#1088;&#1072;&#1079; &#1087;&#1088;&#1086;&#1088;&#1074;&#1077;&#1090;&#1100;&#1089;&#1103; &#1087;&#1083;&#1072;&#1095; &#1085;&#1072;&#1088;&#1086;&#1076;&#1085;&#1080;&#1081;.<br />\r\n&#1030; &#1079;&#1072;&#1097;&#1077;&#1084;&#1080;&#1090;&#1100; &#1074; &#1076;&#1091;&#1096;&#1072;&#1093; &#1074;&#1077;&#1083;&#1100;&#1084;&#1086;&#1078;&#1085;&#1080;&#1093; &#1073;&#1110;&#1083;&#1100; &#1090;&#1072;&#1108;&#1084;&#1085;&#1080;&#1081;,<br />\r\n&#1052;&#1086;&#1074; &#1079;&#1077;&#1084;&#1083;&#1077;&#1090;&#1088;&#1103;&#1089;&#1110;&#1085;&#1085;&#1103; &#1074;&#1110;&#1097;&#1091;&#1085;, &#1090;&#1086;&#1081; &#1075;&#1088;&#1110;&#1084; &#1087;&#1110;&#1076;&#1079;&#1077;&#1084;&#1085;&#1080;&#1081;.<br /><br />\r\n\r\n&#1071; &#1085;&#1077; &#1083;&#1102;&#1073;&#1083;&#1102; &#1090;&#1077;&#1073;&#1077;, &#1085;&#1077;&#1085;&#1072;&#1074;&#1080;&#1076;&#1078;&#1091;, &#1073;&#1077;&#1088;&#1082;&#1091;&#1090;&#1077;!<br />\r\n&#1047;&#1072; &#1090;&#1077;, &#1097;&#1086; &#1074; &#1075;&#1088;&#1091;&#1076;&#1110; &#1090;&#1080; &#1093;&#1086;&#1074;&#1072;&#1108;&#1096; &#1089;&#1077;&#1088;&#1094;&#1077; &#1083;&#1102;&#1090;&#1077;,<br />\r\n&#1047;&#1072; &#1090;&#1077;, &#1097;&#1086; &#1082;&#1088;&#1086;&#1074; &#1090;&#1080; &#1087;\'&#1108;&#1096;, &#1085;&#1072; &#1085;&#1080;&#1079;&#1100;&#1082;&#1080;&#1093; &#1110; &#1089;&#1083;&#1072;&#1073;&#1080;&#1093;<br />\r\n&#1047; &#1087;&#1086;&#1075;&#1086;&#1088;&#1076;&#1086;&#1102; &#1075;&#1083;&#1103;&#1076;&#1080;&#1096;, &#1093;&#1086;&#1095; &#1089;&#1072;&#1084; &#1078;&#1080;&#1074;&#1077;&#1096; &#1110;&#1079; &#1085;&#1080;&#1093;;<br />\r\n&#1047;&#1072; &#1090;&#1077;, &#1097;&#1086; &#1090;&#1072;&#1082; &#1090;&#1077;&#1073;&#1077; &#1073;&#1086;&#1111;&#1090;&#1100;&#1089;&#1103; &#1089;&#1083;&#1072;&#1073;&#1096;&#1072; &#1090;&#1074;&#1072;&#1088;,<br />\r\n&#1053;&#1077;&#1085;&#1072;&#1074;&#1080;&#1076;&#1078;&#1091; &#1090;&#1077;&#1073;&#1077; &#1079;&#1072; &#1090;&#1077;&#1108;, &#1097;&#1086; &#1090;&#1080; &#1094;&#1072;&#1088;!<br />\r\n&#1030; &#1086;&#1089;&#1100; &#1073;&#1083;&#1080;&#1097;&#1080;&#1090;&#1100; &#1084;&#1110;&#1081; &#1082;&#1088;&#1110;&#1089; - &#1094;&#1110;&#1083;&#1100; &#1076;&#1086;&#1073;&#1088;&#1072;, &#1074;&#1080;&#1089;&#1090;&#1088;&#1110;&#1083; &#1087;&#1077;&#1074;&#1077;&#1085;,<br />\r\n&#1030; &#1074;&#1073;&#1110;&#1081;&#1095;&#1077;&#1108; &#1103;&#1076;&#1088;&#1086; &#1087;&#1110;&#1076; &#1093;&#1084;&#1072;&#1088;&#1080; &#1087;&#1086;&#1085;&#1077;&#1089;&#1077; &#1074;&#1110;&#1085;.<br /><br />\r\n\r\n&#1030; &#1079;&#1072;&#1084;&#1110;&#1089;&#1090;&#1100; &#1085;&#1077;&#1089;&#1090;&#1080; &#1089;&#1084;&#1077;&#1088;&#1090;&#1100; &#1079;&#1075;&#1086;&#1088;&#1080; &#1085;&#1072; &#1079;&#1077;&#1084;&#1085;&#1077; &#1083;&#1086;&#1078;&#1077;,<br />\r\n&#1058;&#1080; &#1089;&#1072;&#1084; &#1089;&#1087;&#1110;&#1090;&#1082;&#1072;&#1108;&#1096; &#1089;&#1084;&#1077;&#1088;&#1090;&#1100; &#1087;&#1110;&#1076; &#1093;&#1084;&#1072;&#1088;&#1072;&#1084;&#1080; &#1085;&#1077;&#1073;&#1086;&#1078;&#1077;.<br />\r\n&#1030; &#1085;&#1077; &#1103;&#1082; &#1073;&#1086;&#1078;&#1080;&#1081; &#1089;&#1091;&#1076;, &#1072;&#1083;&#1077; &#1103;&#1082; &#1090;&#1088;&#1091;&#1087; &#1073;&#1077;&#1079;&#1076;&#1091;&#1096;&#1085;&#1080;&#1081;<br />\r\n&#1058;&#1080; &#1074;&#1087;&#1072;&#1076;&#1077;&#1096;, &#1089;&#1091;&#1076;&#1086;&#1074;&#1110; &#1090;&#1080;&#1093; &#1084;&#1086;&#1111;&#1093; &#1082;&#1091;&#1083;&#1100; &#1087;&#1086;&#1089;&#1083;&#1091;&#1096;&#1085;&#1080;&#1081;.<br />\r\n&#1030; &#1085;&#1077; &#1086;&#1089;&#1090;&#1072;&#1090;&#1085;&#1110;&#1081; &#1090;&#1080;! &#1053;&#1072;&#1089; &#1108; &#1089;&#1090;&#1088;&#1110;&#1083;&#1100;&#1094;&#1110;&#1074; &#1089;&#1090;&#1086;&#1089;&#1086;&#1090;;<br />\r\n&#1030; &#1074;&#1089;&#1077;, &#1097;&#1086; &#1079;&#1074;&#1077;&#1089;&#1100; &#1073;&#1077;&#1088;&#1082;&#1091;&#1090;, &#1087;&#1086;&#1083;&#1086;&#1097;&#1077; &#1082;&#1088;&#1086;&#1074;\'&#1102; &#1088;&#1086;&#1090;,<br />\r\n&#1042;&#1080;&#1074;&#1080;&#1097;&#1091;&#1108;&#1089;&#1100; &#1085;&#1072;&#1076; &#1084;&#1080;&#1088;, &#1090;&#1088;&#1080;&#1074;&#1086;&#1075;&#1091; &#1081; &#1087;&#1086;&#1089;&#1090;&#1088;&#1072;&#1093; &#1089;&#1110;&#1108;, -<br />\r\n&#1058;&#1077; &#1082;&#1091;&#1083;&#1110; &#1085;&#1077; &#1091;&#1081;&#1076;&#1077;, &#1103;&#1082; &#1089;&#1083;&#1091;&#1096;&#1085;&#1080;&#1081; &#1095;&#1072;&#1089; &#1085;&#1072;&#1089;&#1087;&#1110;&#1108;.<br />\r\n&#1040; &#1090;&#1088;&#1091;&#1087; &#1073;&#1077;&#1079;&#1076;&#1091;&#1096;&#1085;&#1080;&#1081; &#1084;&#1080; &#1073;&#1077;&#1079; &#1078;&#1072;&#1083;&#1102;, &#1073;&#1077;&#1079; &#1087;&#1088;&#1086;&#1084;&#1086;&#1074;&#1080;<br />\r\n&#1053;&#1086;&#1075;&#1086;&#1102; &#1082;&#1086;&#1087;&#1085;&#1077;&#1084;&#1086; &#1081; &#1087;&#1110;&#1076;&#1077;&#1084;&#1086; &#1076;&#1072;&#1083;&#1100;&#1096; &#1085;&#1072; &#1083;&#1086;&#1074;&#1080;.<br /><br />\r\n22-24 &#1086;&#1082;&#1090;. 1883', '2014-01-25', '670', '0');
INSERT INTO `news` VALUES ('265', 'Нова книга Віри Вовк - Човен на обрію', '&#1042;&#1080;&#1081;&#1096;&#1083;&#1072; &#1079; &#1076;&#1088;&#1091;&#1082;&#1091; &#1085;&#1086;&#1074;&#1072; &#1082;&#1085;&#1080;&#1075;&#1072; &#1074;&#1110;&#1076;&#1086;&#1084;&#1086;&#1111; &#1091;&#1082;&#1088;&#1072;&#1111;&#1085;&#1089;&#1100;&#1082;&#1086;&#1111; &#1087;&#1080;&#1089;&#1100;&#1084;&#1077;&#1085;&#1085;&#1080;&#1094;&#1110; &#1079; &#1041;&#1088;&#1072;&#1079;&#1080;&#1083;&#1110;&#1111; &#1042;&#1110;&#1088;&#1080; &#1042;&#1086;&#1074;&#1082;, &#1051;&#1072;&#1091;&#1088;&#1077;&#1072;&#1090;&#1072; &#1064;&#1077;&#1074;&#1095;&#1077;&#1085;&#1082;&#1110;&#1074;&#1089;&#1100;&#1082;&#1086;&#1111; &#1087;&#1088;&#1077;&#1084;&#1110;&#1111; 2008 &#1088;&#1086;&#1082;&#1091; \r\n\r\n\r\n<a href=\"index.php?option=com_content&task=view&id=256&Itemid=18\" target=\"_blank\"> - &quot;&#1063;&#1086;&#1074;&#1077;&#1085; &#1085;&#1072; &#1086;&#1073;&#1088;&#1110;&#1102; &quot;</a>.\r\n\r\n<br />\r\n\r\n</p><p>&#1044;&#1086; &#1074;&#1072;&#1096;&#1086;&#1111; &#1091;&#1074;&#1072;&#1075;&#1080; &#1090;&#1072;&#1082;&#1086;&#1078; <a href=\"index.php?option=com_content&amp;task=view&amp;id=87&amp;Itemid=14\" target=\"_blank\">&quot;&#1050;&#1086;&#1083;&#1103;&#1076;&#1072; &#1085;&#1072; &#1065;&#1077;&#1076;&#1088;&#1080;&#1081; &#1074;&#1077;&#1095;&#1110;&#1088;&quot;</a>&quot;, <a href=\"http://www.bak.lviv.ua/index.php?option=com_content&amp;task=view&amp;id=76&amp;Itemid=14\">&#1053;&#1072;&#1087;&#1080;&#1089;  &#1085;&#1072; &#1089;&#1082;&#1072;&#1088;&#1072;&#1073;&#1077;&#1102;</a>&quot;, <a href=\"index.php?option=com_content&amp;task=view&amp;id=156&amp;Itemid=14\" target=\"_blank\">&quot;&#1058;&#1086;&#1090;&#1077;&#1084; &#1089;&#1082;&#1072;&#1083;&#1100;&#1085;&#1080;&#1093; &#1089;&#1086;&#1082;&#1086;&#1083;&#1110;&#1074;, &quot;<a href=\"http://www.bak.lviv.ua/index.php?option=com_content&amp;task=view&amp;id=70&amp;Itemid=14\">&#1050;&#1072;&#1088;&#1072;&#1074;&#1077;&#1083;&#1072;</a>&quot;,  \r\n<a href=\"index.php?option=com_content&task=view&id=161&Itemid=14\" target=\"_blank\">&quot;&#1052;&#1077;&#1088;&#1077;&#1078;&#1072;&quot;</a>, <a href=\"http://www.bak.lviv.ua/index.php?option=com_content&amp;task=view&amp;id=174&amp;Itemid=14\">&#1047;&#1085;&#1072;&#1084;&#1077;&#1085;&#1086;&quot;</a> &#1090;&#1072; <a href=\"index.php?option=com_content&task=view&id=191&Itemid=18\" target=\"_blank\">&quot;&#1063;&#1072;&#1088;-&#1087;&#1080;&#1089;&#1072;&#1085;&#1082;&#1072;&quot;</a>, <a href=\"index.php?option=com_content&task=view&id=218&Itemid=18\" target=\"_blank\">&quot;&#1047;&#1077;&#1085;&#1110;&#1090;&quot;</a>,\r\n <a href=\"index.php?option=com_content&task=view&id=217&Itemid=18\" target=\"_blank\">&quot;&#1057;&#1072;&#1090;&#1080;&#1088;&#1080;&#1082;&#1086;&#1085;&quot;</a>, <a href=\"index.php?option=com_content&task=view&id=230&Itemid=18\" target=\"_blank\">&quot;&#1050;&#1072;&#1079;&#1082;&#1080; &#1110; &#1084;&#1110;&#1089;&#1090;&#1077;&#1088;&#1110;&#1111;&quot;</a>, <a href=\"index.php?option=com_content&task=view&id=234&Itemid=18\" target=\"_blank\">&quot;&#1044;&#1080;&#1087;&#1090;&#1080;&#1093; &quot;</a>, <a href=\"index.php?option=com_content&task=view&id=255&Itemid=18\" target=\"_blank\">&quot;&#1055;&#1072;&#1083;&#1086;&#1084;&#1085;&#1080;&#1082; &quot;</a>.\r\n\r\n\r\n', '2014-01-30', '690', '0');
INSERT INTO `news` VALUES ('266', 'Нова книга Еви Гати - для дітей', '&#1042;&#1080;&#1081;&#1096;&#1083;&#1072; &#1079; &#1076;&#1088;&#1091;&#1082;&#1091; &#1085;&#1086;&#1074;&#1072; &#1082;&#1085;&#1080;&#1075;&#1072; &#1045;&#1074;&#1080; &#1043;&#1072;&#1090;&#1080; \r\n<a href=\"http://www.bak.lviv.ua//index.php?option=com_content&task=view&id=258&Itemid=14\">\r\n\"&#1050;&#1072;&#1079;&#1082;&#1080; &#1095;&#1072;&#1088;&#1110;&#1074;&#1085;&#1086;&#1075;&#1086; &#1082;&#1086;&#1088;&#1086;&#1083;&#1110;&#1074;&#1089;&#1090;&#1074;&#1072; &#1050;&#1088;&#1072;&#1089;&#1086;&#1083;&#1110;\"</a>. <br /> &#1062;&#1077; &#1079;&#1073;&#1110;&#1088;&#1082;&#1072; &#1095;&#1091;&#1076;&#1086;&#1074;&#1080;&#1093; &#1082;&#1072;&#1079;&#1086;&#1082;, &#1085;&#1072;&#1087;&#1086;&#1074;&#1085;&#1077;&#1085;&#1080;&#1093; &#1051;&#1102;&#1073;&#1086;&#1074;\'&#1102;.\r\n\r\n</p><p>&#1044;&#1086; &#1042;&#1072;&#1096;&#1086;&#1111; &#1091;&#1074;&#1072;&#1075;&#1080; &#1090;&#1072;&#1082;&#1086;&#1078;:\r\n&quot;<a href=\"http://www.bak.lviv.ua/index.php?option=com_content&task=view&id=142&Itemid=14\">\r\n&#1053;&#1072;&#1088;&#1086;&#1076;&#1078;&#1077;&#1085;&#1072; &#1091; &#1076;&#1078;&#1077;&#1088;&#1077;&#1083;&#1110;, &#1072;&#1073;&#1086; &#1096;&#1083;&#1103;&#1093; &#1074;&#1110;&#1076; &#1062;&#1072;&#1088;&#1089;&#1090;&#1074;&#1072; &#1076;&#1086; &#1050;&#1086;&#1088;&#1086;&#1085;&#1080;&quot;</a>&nbsp;,\r\n<a href=\"http://www.bak.lviv.ua//index.php?option=com_content&task=view&id=216&Itemid=11\">\r\n\"&#1058;&#1091;&#1090; &#1110; &#1058;&#1072;&#1084;, &#1072;&#1073;&#1086; &#1089;&#1090;&#1077;&#1078;&#1082;&#1072; &#1084;&#1110;&#1078; &#1055;&#1072;&#1088;&#1085;&#1072;&#1089;&#1086;&#1084; &#1110; &#1054;&#1083;&#1110;&#1084;&#1087;&#1086;&#1084;\" &#1110; \"&#1058;&#1088;&#1080; &#1095;&#1077;&#1089;&#1085;&#1086;&#1090;&#1080;, &#1072;&#1073;&#1086; &#1082;&#1072;&#1079;&#1082;&#1072; &#1087;&#1088;&#1086; &#1086;&#1088;&#1110;&#1093;&#1072;&#1083;&#1082;\"</a>,\r\n<a href=\"index.php?option=com_content&amp;task=view&amp;id=83&amp;Itemid=14\">&quot;&#1054;&#1095;&#1080;&#1097;&#1077;&#1085;&#1085;&#1103;, &#1072;&#1073;&#1086; &#1088;&#1086;&#1073;&#1083;&#1102;, &#1097;&#1086; &#1093;&#1086;&#1095;&#1091;&quot;</a>, &quot;<a href=\"http://www.bak.lviv.ua/index.php?option=com_content&task=view&id=166&Itemid=14\">&#1041;&#1083;&#1072;&#1085;&#1110;&#1082; &#1074;&#1110;&#1076;&#1095;&#1080;&#1085;&#1103;&#1108; &#1076;&#1074;&#1077;&#1088;&#1110;&quot;</a>&nbsp;, <a href=\"index.php?option=com_content&amp;task=view&amp;id=173&amp;Itemid=14\">&quot;Katharsis, oder was ich will, das tue ich &quot;</a>, <a href=\"index.php?option=com_content&amp;task=view&amp;id=147&amp;Itemid=14\">&quot;&#1050;&#1072;&#1090;&#1072;&#1088;&#1089;&#1080;&#1089;, &#1080;&#1083;&#1080; &#1095;&#1090;&#1086; &#1093;&#1086;&#1095;&#1091;, &#1090;&#1086; &#1080; &#1076;&#1077;&#1083;&#1072;&#1102;&quot;</a>, <a href=\"index.php?option=com_content&amp;task=view&amp;id=222&amp;Itemid=14\">&quot;Ave Eva&quot;</a>, <a href=\"index.php?option=com_content&amp;task=view&amp;id=235&amp;Itemid=14\">&quot;&#1052;&#1091;&#1079;&#1080;&#1095;&#1085;&#1110; &#1092;&#1088;&#1077;&#1089;&#1082;&#1080;&quot;</a>.\r\n\r\n', '2014-02-01', '630', '0');
INSERT INTO `news` VALUES ('272', 'Газета «Друг Читача» для юних читачів', 'Газета «Друг Читача» на честь міжнародного свята дитячої літератури пропонує 10 новеньких українських книжок вітчизняних та закордонних авторів для юних читачів різного віку. <br /> Серед них книга Еви Гати \r\n <a href=\"http://www.bak.lviv.ua//index.php?option=com_content&task=view&id=258&Itemid=14\">\r\n\"Казки чарівного королівства Красолі\"</a>\r\n\r\n\r\n\r\n\r\n\r\n', '2014-08-22', '654', '0');
INSERT INTO `news` VALUES ('273', 'Нова книга Еви Гати - Стати сонцем', 'Вийшла з друку нова книга Еви Гати \r\n <a href=\"http://www.bak.lviv.ua//index.php?option=com_content&task=view&id=267&Itemid=14\">\r\n\"Стати сонцем\"</a>\r\n\r\n</p><p>&#1044;&#1086; &#1042;&#1072;&#1096;&#1086;&#1111; &#1091;&#1074;&#1072;&#1075;&#1080; &#1090;&#1072;&#1082;&#1086;&#1078;:\r\n&quot;<a href=\"http://www.bak.lviv.ua/index.php?option=com_content&task=view&id=142&Itemid=14\">\r\n&#1053;&#1072;&#1088;&#1086;&#1076;&#1078;&#1077;&#1085;&#1072; &#1091; &#1076;&#1078;&#1077;&#1088;&#1077;&#1083;&#1110;, &#1072;&#1073;&#1086; &#1096;&#1083;&#1103;&#1093; &#1074;&#1110;&#1076; &#1062;&#1072;&#1088;&#1089;&#1090;&#1074;&#1072; &#1076;&#1086; &#1050;&#1086;&#1088;&#1086;&#1085;&#1080;&quot;</a>&nbsp;,\r\n<a href=\"http://www.bak.lviv.ua//index.php?option=com_content&task=view&id=216&Itemid=11\">\r\n\"&#1058;&#1091;&#1090; &#1110; &#1058;&#1072;&#1084;, &#1072;&#1073;&#1086; &#1089;&#1090;&#1077;&#1078;&#1082;&#1072; &#1084;&#1110;&#1078; &#1055;&#1072;&#1088;&#1085;&#1072;&#1089;&#1086;&#1084; &#1110; &#1054;&#1083;&#1110;&#1084;&#1087;&#1086;&#1084;\" &#1110; \"&#1058;&#1088;&#1080; &#1095;&#1077;&#1089;&#1085;&#1086;&#1090;&#1080;, &#1072;&#1073;&#1086; &#1082;&#1072;&#1079;&#1082;&#1072; &#1087;&#1088;&#1086; &#1086;&#1088;&#1110;&#1093;&#1072;&#1083;&#1082;\"</a>,\r\n<a href=\"index.php?option=com_content&amp;task=view&amp;id=83&amp;Itemid=14\">&quot;&#1054;&#1095;&#1080;&#1097;&#1077;&#1085;&#1085;&#1103;, &#1072;&#1073;&#1086; &#1088;&#1086;&#1073;&#1083;&#1102;, &#1097;&#1086; &#1093;&#1086;&#1095;&#1091;&quot;</a>, &quot;<a href=\"http://www.bak.lviv.ua/index.php?option=com_content&task=view&id=166&Itemid=14\">&#1041;&#1083;&#1072;&#1085;&#1110;&#1082; &#1074;&#1110;&#1076;&#1095;&#1080;&#1085;&#1103;&#1108; &#1076;&#1074;&#1077;&#1088;&#1110;&quot;</a>&nbsp;, <a href=\"index.php?option=com_content&amp;task=view&amp;id=173&amp;Itemid=14\">&quot;Katharsis, oder was ich will, das tue ich &quot;</a>, <a href=\"index.php?option=com_content&amp;task=view&amp;id=147&amp;Itemid=14\">&quot;&#1050;&#1072;&#1090;&#1072;&#1088;&#1089;&#1080;&#1089;, &#1080;&#1083;&#1080; &#1095;&#1090;&#1086; &#1093;&#1086;&#1095;&#1091;, &#1090;&#1086; &#1080; &#1076;&#1077;&#1083;&#1072;&#1102;&quot;</a>, <a href=\"index.php?option=com_content&amp;task=view&amp;id=222&amp;Itemid=14\">&quot;Ave Eva&quot;</a>, <a href=\"index.php?option=com_content&amp;task=view&amp;id=235&amp;Itemid=14\">&quot;&#1052;&#1091;&#1079;&#1080;&#1095;&#1085;&#1110; &#1092;&#1088;&#1077;&#1089;&#1082;&#1080;&quot;</a>, <a href=\"http://www.bak.lviv.ua//index.php?option=com_content&task=view&id=258&Itemid=14\">\r\n\"&#1050;&#1072;&#1079;&#1082;&#1080; &#1095;&#1072;&#1088;&#1110;&#1074;&#1085;&#1086;&#1075;&#1086; &#1082;&#1086;&#1088;&#1086;&#1083;&#1110;&#1074;&#1089;&#1090;&#1074;&#1072; &#1050;&#1088;&#1072;&#1089;&#1086;&#1083;&#1110;\"</a>.\r\n\r\n', '2014-08-22', '623', '0');
INSERT INTO `news` VALUES ('274', 'Святослав Караванський: Нове видання практичного словника синонімів української мови ', '<p>Важлива новина для шанувальників української мови. \r\nВийшов у світ <a href=\"http://www.bak.lviv.ua//index.php?option=com_content&task=view&id=269&Itemid=11\">&quot;Практичний словник синонімів української мови&quot;</a> Святослава Караванського - 5-те видання,опрацьоване і значно доповнене.</p><p>До Вашої уваги також інші словники Святослава Караванського: &quot;<a href=\"http://www.bak.lviv.ua/index.php?option=com_content&amp;task=view&amp;id=54&amp;Itemid=11\">Російсько-український  словник складної лексики</a>&quot; та <a href=\"http://www.bak.lviv.ua//index.php?option=com_content&task=view&id=53&Itemid=11\">&quot;Словник рим української мови&quot;</a>, мовознавчі праці &quot;<a href=\"http://www.bak.lviv.ua/index.php?option=com_content&task=view&id=103&Itemid=7\">До зір крізь терня, або хочу бути редактором</a>&quot;, &quot;<a href=\"http://www.bak.lviv.ua/index.php?option=com_content&task=view&id=117&Itemid=7\">Секрети української мови</a>&quot;,&nbsp;&nbsp;<a href=\"http://www.bak.lviv.ua//index.php?option=com_content&task=view&id=248&Itemid=11\">&quot;Лист до Героя пера - Марії Матіос&quot;</a>, а\r\nтакож проза, поезія, переклади, гумор і публіцистика Святослава Караванського у книгах &quot;<a href=\"http://www.bak.lviv.ua/index.php?option=com_content&task=view&id=149&Itemid=14\">Книга-журнал одного автора</a>&quot;&nbsp;, <a href=\"http://www.bak.lviv.ua//index.php?option=com_content&task=view&id=236&Itemid=11\">&quot;Гумористичний самвидав&quot;</a>. </p>\r\n\r\n\r\n', '2014-08-23', '695', '0');
INSERT INTO `news` VALUES ('275', 'Сучасне малярство Львова', 'Вийшов у світ мистецький проект Ореста Голубця - альбом <a href=\"http://www.bak.lviv.ua//index.php?option=com_content&task=view&id=259&Itemid=15\">\r\n\"Сучасне мистецтво Львова\"</a>, який відображає певний зріз сучас­но­го львівського малярства в усьому його роз­ма­їтті. Підґрунтя творять особистості, твор­чий шлях яких, на жаль, уже обірвався – Р.Се­ль­сь­кий, К.Звіринський, З.Флінта, О.Мінько. На­ступне гроно митців яскраво ілюструє різні, іноді діаметрально протилежні образо­творчі принципи та підходи – від яскраво ви­ра­женого експресіонізму (М.Безпальків, Б.Бу­ряк, С.Гай, М.Демцю, В.Патик, В.Рибо­тицький, М.Шимчук) до відверто експресив­­ного (В.Бажай) чи раціональнішого, естетизованого абстракціонізму (І.Янович), від емо­ційного образно-асоціативного сприй­няття світу (Р.Романишин) до його гли­бин­ого ра­ціонально-фі­лософського осмислення (А.Максименко, Л.Медвідь). \r\n\r\n', '2014-08-26', '561', '0');
INSERT INTO `news` VALUES ('276', 'Святослав Караванський - книга, що ставить крапки над \'i\'', 'Пропонуємо Вашій увазі друге доповнене видання розвідки відомого мовознавця Святослава Караванського - <a href=\"http://www.bak.lviv.ua//index.php?option=com_content&task=view&id=270&Itemid=7\">&quot;Звідки пішла єсть московська мова або шила в мішку не сховаєш&quot;</a>. Автор книги висловлює на підставі живих фактів свій погляд на походження російської мови, історично відомої як московська мова.  \r\n\r\n</p>\r\n\r\n</p><p>До Вашої уваги також словники Святослава Караванського: <a href=\"http://www.bak.lviv.ua//index.php?option=com_content&task=view&id=189&Itemid=11\">&quot;Практичний словник синонімів української мови&quot;</a>, &quot;<a href=\"http://www.bak.lviv.ua/index.php?option=com_content&amp;task=view&amp;id=54&amp;Itemid=11\">Російсько-український  словник складної лексики</a>&quot; та <a href=\"http://www.bak.lviv.ua//index.php?option=com_content&task=view&id=53&Itemid=11\">&quot;Словник рим української мови&quot;</a>, мовознавчі праці &quot;<a href=\"http://www.bak.lviv.ua/index.php?option=com_content&task=view&id=103&Itemid=7\">До зір крізь терня, або хочу бути редактором</a>&quot;, &quot;<a href=\"http://www.bak.lviv.ua/index.php?option=com_content&task=view&id=117&Itemid=7\">Секрети української мови</a>&quot;,&nbsp;&nbsp;<a href=\"http://www.bak.lviv.ua//index.php?option=com_content&task=view&id=248&Itemid=11\">&quot;Лист до Героя пера - Марії Матіос&quot;</a>, а\r\nтакож проза, поезія, переклади, гумор і публіцистика Святослава Караванського у книгах &quot;<a href=\"http://www.bak.lviv.ua/index.php?option=com_content&task=view&id=149&Itemid=14\">Книга-журнал одного автора</a>&quot;&nbsp;, <a href=\"http://www.bak.lviv.ua//index.php?option=com_content&task=view&id=236&Itemid=11\">&quot;Гумористичний самвидав&quot;</a>. </p>\r\n\r\n\r\n', '2014-08-27', '600', '0');
INSERT INTO `news` VALUES ('277', 'Книгофест на Мулярській', 'Запрошуємо познайомитися з нашими книжками і придбати їх на фестивалі \"Книгофест на Мулярській\" 30-31 серпня (Львів, Центральна міська бібліотека, вул. Мулярська, 2а).', '2014-08-29', '609', '0');
INSERT INTO `news` VALUES ('278', 'Зустріч з Евою Гатою', 'Запрошуємо на зустріч з Евою Гатою і зайомство з її новими книжками 30 серпня о 15.20 в Центральній міській бібліотеці для дорослих (Львів, Мулярська, 2а).  ', '2014-08-29', '566', '0');
INSERT INTO `news` VALUES ('279', 'Форум видавців 2014', 'З 11 по 14 вересня запрошуємо відвідати наш стенд (#232, 2-й поверх) на Форумі видавців у Львові.\r\nПрезентація нових книг Віри Вовк, Святослава Караванського, Еви Гати. Автограф-сесії з Евою Гатою.', '2014-09-07', '562', '0');
INSERT INTO `news` VALUES ('280', '\"Казки...\" Еви Гати серед Лідерів літа Всеукраїнського рейтинґу «Книжка року\'2014\"', 'Книга Еви Гати \r\n<a href=\"http://www.bak.lviv.ua//index.php?option=com_content&task=view&id=258&Itemid=14\">\r\n\"&#1050;&#1072;&#1079;&#1082;&#1080; &#1095;&#1072;&#1088;&#1110;&#1074;&#1085;&#1086;&#1075;&#1086; &#1082;&#1086;&#1088;&#1086;&#1083;&#1110;&#1074;&#1089;&#1090;&#1074;&#1072; &#1050;&#1088;&#1072;&#1089;&#1086;&#1083;&#1110;\"</a> серед Лідерів літа за версією Всеукраїнського рейтинґу «Книжка року’2014» в номінації «Дитяче свято».', '2014-09-12', '598', '0');
INSERT INTO `news` VALUES ('281', 'Книга Ореста Голубця \"Сучасне мистецтво Львова\" відзначена на Форумі видавців', 'Художній альбом Ореста Голубця <a href=\"http://www.bak.lviv.ua//index.php?option=com_content&task=view&id=259&Itemid=15\"> \"Сучасне мистецтво Львова\"</a> отримав персональну відзнаку президента Форуму видавців Олександри Коваль та спеціальну відзнаку від Готеля Жорж.', '2014-09-12', '571', '0');
INSERT INTO `news` VALUES ('282', 'Нова книга Віри Вовк - Вогонь Купала', '&#1042;&#1080;&#1081;&#1096;&#1083;&#1072; &#1079; &#1076;&#1088;&#1091;&#1082;&#1091; &#1085;&#1086;&#1074;&#1072; &#1082;&#1085;&#1080;&#1075;&#1072; &#1074;&#1110;&#1076;&#1086;&#1084;&#1086;&#1111; &#1091;&#1082;&#1088;&#1072;&#1111;&#1085;&#1089;&#1100;&#1082;&#1086;&#1111; &#1087;&#1080;&#1089;&#1100;&#1084;&#1077;&#1085;&#1085;&#1080;&#1094;&#1110; &#1079; &#1041;&#1088;&#1072;&#1079;&#1080;&#1083;&#1110;&#1111; &#1042;&#1110;&#1088;&#1080; &#1042;&#1086;&#1074;&#1082;, &#1051;&#1072;&#1091;&#1088;&#1077;&#1072;&#1090;&#1072; &#1064;&#1077;&#1074;&#1095;&#1077;&#1085;&#1082;&#1110;&#1074;&#1089;&#1100;&#1082;&#1086;&#1111; &#1087;&#1088;&#1077;&#1084;&#1110;&#1111; 2008 &#1088;&#1086;&#1082;&#1091; \r\n\r\n\r\n<a href=\"index.php?option=com_content&task=view&id=268&Itemid=14\" target=\"_blank\"> - &quot;Вогонь Купала&quot;</a>.\r\n\r\n\r\n\r\n<br />\r\n\r\n</p><p>&#1044;&#1086; &#1074;&#1072;&#1096;&#1086;&#1111; &#1091;&#1074;&#1072;&#1075;&#1080; &#1090;&#1072;&#1082;&#1086;&#1078; <a href=\"index.php?option=com_content&amp;task=view&amp;id=87&amp;Itemid=14\" target=\"_blank\">&quot;&#1050;&#1086;&#1083;&#1103;&#1076;&#1072; &#1085;&#1072; &#1065;&#1077;&#1076;&#1088;&#1080;&#1081; &#1074;&#1077;&#1095;&#1110;&#1088;&quot;</a>&quot;, <a href=\"http://www.bak.lviv.ua/index.php?option=com_content&amp;task=view&amp;id=76&amp;Itemid=14\">&#1053;&#1072;&#1087;&#1080;&#1089;  &#1085;&#1072; &#1089;&#1082;&#1072;&#1088;&#1072;&#1073;&#1077;&#1102;</a>&quot;, <a href=\"index.php?option=com_content&amp;task=view&amp;id=156&amp;Itemid=14\" target=\"_blank\">&quot;&#1058;&#1086;&#1090;&#1077;&#1084; &#1089;&#1082;&#1072;&#1083;&#1100;&#1085;&#1080;&#1093; &#1089;&#1086;&#1082;&#1086;&#1083;&#1110;&#1074;, &quot;<a href=\"http://www.bak.lviv.ua/index.php?option=com_content&amp;task=view&amp;id=70&amp;Itemid=14\">&#1050;&#1072;&#1088;&#1072;&#1074;&#1077;&#1083;&#1072;</a>&quot;,  \r\n<a href=\"index.php?option=com_content&task=view&id=161&Itemid=14\" target=\"_blank\">&quot;&#1052;&#1077;&#1088;&#1077;&#1078;&#1072;&quot;</a>, <a href=\"http://www.bak.lviv.ua/index.php?option=com_content&amp;task=view&amp;id=174&amp;Itemid=14\">&#1047;&#1085;&#1072;&#1084;&#1077;&#1085;&#1086;&quot;</a> &#1090;&#1072; <a href=\"index.php?option=com_content&task=view&id=191&Itemid=18\" target=\"_blank\">&quot;&#1063;&#1072;&#1088;-&#1087;&#1080;&#1089;&#1072;&#1085;&#1082;&#1072;&quot;</a>, <a href=\"index.php?option=com_content&task=view&id=218&Itemid=18\" target=\"_blank\">&quot;&#1047;&#1077;&#1085;&#1110;&#1090;&quot;</a>,\r\n <a href=\"index.php?option=com_content&task=view&id=217&Itemid=18\" target=\"_blank\">&quot;&#1057;&#1072;&#1090;&#1080;&#1088;&#1080;&#1082;&#1086;&#1085;&quot;</a>, <a href=\"index.php?option=com_content&task=view&id=230&Itemid=18\" target=\"_blank\">&quot;&#1050;&#1072;&#1079;&#1082;&#1080; &#1110; &#1084;&#1110;&#1089;&#1090;&#1077;&#1088;&#1110;&#1111;&quot;</a>, <a href=\"index.php?option=com_content&task=view&id=234&Itemid=18\" target=\"_blank\">&quot;&#1044;&#1080;&#1087;&#1090;&#1080;&#1093; &quot;</a>, <a href=\"index.php?option=com_content&task=view&id=255&Itemid=18\" target=\"_blank\">&quot;&#1055;&#1072;&#1083;&#1086;&#1084;&#1085;&#1080;&#1082; &quot;</a>,\r\n\r\n<a href=\"index.php?option=com_content&task=view&id=256&Itemid=18\" target=\"_blank\"> &quot;&#1063;&#1086;&#1074;&#1077;&#1085; &#1085;&#1072; &#1086;&#1073;&#1088;&#1110;&#1102;&quot;</a>.\r\n\r\n\r\n', '2014-10-06', '498', '0');
INSERT INTO `news` VALUES ('283', 'Книга Еви Гати \"Стати Сонцем\" у довгому списку премії Книга року ВВС-2014', 'ВВС Україна оприлюднила довгі списки літературної премії Книга року ВВС-2014, яка проводиться у партнерстві з Культурною програмою Європейського банку реконструкції та розвитку (ЄБРР). До довгого списку премії Книга року ВВС–2014 увійшли 22 видання, серед яких книга Еви Гати &quot;<a href=\"http://www.bak.lviv.ua/index.php?option=com_content&task=view&id=267&Itemid=14\">\r\nСтати Сонцем &quot;</a>&nbsp;.\r\n\r\n', '2014-10-13', '550', '0');
INSERT INTO `news` VALUES ('284', 'Зустріч з Вірою Вовк у Києві', 'Запрошуємо на зустріч з Вірою Вовк і презентацію її поезій <a href=\"index.php?option=com_content&task=view&id=268&Itemid=14\" target=\"_blank\"> &quot;Вогонь Купала&quot;</a>, спогадів <a href=\"index.php?option=com_content&task=view&id=256&Itemid=18\" target=\"_blank\"> &quot;&#1063;&#1086;&#1074;&#1077;&#1085; &#1085;&#1072; &#1086;&#1073;&#1088;&#1110;&#1102; &quot;</a> та двомовної поетичної збірки \"Жіночі маски\" (переклад на польську мову Тадея Карабовича, обкладинка Зої\r\nЛісовської), яка відбудеться в Національному музеї літератури (вул. Б. Хмельницкого, 11, м. Київ) 21 жовтня 2014 року о 17 год.\r\n\r\n\r\n\r\n\r\n', '2014-10-17', '582', '0');
INSERT INTO `news` VALUES ('285', 'Презентація знакових праць Святослава Караванського', 'Запрошуємо на презентацію знакових праць видатного українського мовознавця Святослава Караванського, яка відбудеться 17 грудня 2014 року о 16 год. в актовій залі 1-го навчального корпусу Національного університету \"Львівська політехніка\" (вул. Карпінського 4/2).<br /><br />\r\n\r\n<img src=\"http://www.bak.lviv.ua/images/stories/books/plakat_karavanskyj1.jpg\" align=\"centre\" hspace=\"6\" width=\"200\"alt=\"Image\" />\r\n\r\n\r\n', '2014-12-03', '515', '0');
INSERT INTO `news` VALUES ('286', 'Книги Святослава Караванського серед кращих у номінації \"Книга року 2014\"', 'Книга відомого мовознавця Святослава Караванського <a href=\"http://www.bak.lviv.ua//index.php?option=com_content&task=view&id=270&Itemid=7\">&quot;Звідки пішла єсть московська мова або шила в мішку не сховаєш&quot;</a> та його\r\n\r\n<a href=\"http://www.bak.lviv.ua//index.php?option=com_content&task=view&id=269&Itemid=11\">&quot;Практичний словник синонімів української мови&quot;</a> серед кращих за підсумками рейтингу \"Книжка року 2014\" (номінація \"Обрії\"/Спеціальна література та довідкові видання).\r\n\r\n', '2014-12-31', '519', '0');
INSERT INTO `news` VALUES ('290', 'Нова книга Віри Вовк - Ораторія хвали', 'Вийшла з друку нова книга Віри Вовк, відомої української письменниці з Бразилії, Лауреата Шевченківської премії 2008 року - \r\n\r\n<a href=\"index.php?option=com_content&task=view&id=287О&Itemid=14\" target=\"_blank\"> &quot;Ораторія хвали&quot;</a>.\r\n\r\n\r\n', '2015-04-12', '477', '0');
INSERT INTO `news` VALUES ('291', 'Сучасна скульптура Львова', 'Вийшла у світ друга книга мистецького проекту Ореста Голубця - альбом <a href=\"http://www.bak.lviv.ua//index.php?option=com_content&task=view&id=288&Itemid=15\">\r\n\"Сучасна скульптура Львова\"</a>, \r\nякий представляє певну панораму сучасної львівської скульптури. Її підґрунтя творить доробок митців, творчий шлях яких уже обірвався – Івана Севери, Сергія Литвиненка, Євгена Дзиндри, Еммануїла Миська, Теодозії Бриж, Богдана Романця. Наступна когорта художників яскраво ілюструє розмаїття нинішніх образотворчих підходів – Роман Гарбуз, Олег Капустяк, Петро Кулик, Іван Микитюк, Ярослав Мотика, Володимир Одрехівський, Роман Петрук, Віктор Проданчук, Петро Старух, Володимир Цісарик, Ярослав Юзьків, Василь Ярич.\r\n\r\n\r\n\r\n\r\n\r\n\r\n', '2015-06-30', '488', '0');
INSERT INTO `news` VALUES ('292', '\"Казки чарівного королівства Красолі\" Еви Гати - переможець конкурсу', 'У Львові закінчився конкурс на фінансову підтримку книговидання українською мовою, який проводить Львівська міська рада. \r\n\r\nКнига Еви Гати \r\n<a href=\"http://www.bak.lviv.ua//index.php?option=com_content&task=view&id=258&Itemid=14\">\r\n\"&#1050;&#1072;&#1079;&#1082;&#1080; &#1095;&#1072;&#1088;&#1110;&#1074;&#1085;&#1086;&#1075;&#1086; &#1082;&#1086;&#1088;&#1086;&#1083;&#1110;&#1074;&#1089;&#1090;&#1074;&#1072; &#1050;&#1088;&#1072;&#1089;&#1086;&#1083;&#1110;\"</a> посіла перше місце у номінації дитяча література.', '2015-07-03', '510', '0');
INSERT INTO `news` VALUES ('293', 'Нова книга Еви Гати - для дітей', 'Вийшла з друку нова книга Еви Гати  \r\n<a href=\"http://www.bak.lviv.ua//index.php?option=com_content&task=view&id=289&Itemid=18\">\r\n\"Сім таємниць королівства Красолі\"</a>. Це збірка чудових казок, наповнених Любов\'ю. \r\n\r\n', '2015-08-11', '410', '0');
INSERT INTO `news` VALUES ('294', 'Перше українське видання сучасного найпопулярнішого підручника з біологічної хімії ', 'Вийшлов з друку український переклад сучасного найпопулярнішого підручника з біологічної хімії Дейвіда Нельсона та Майкла Кокса\r\n<a href=\"http://www.bak.lviv.ua//index.php?option=com_content&task=view&id=151&Itemid=10\">\r\n\"Основи біохімії за Ленінджером\"</a> \r\n, що є оновленою версією книги видатного американського вченого та викладача Альберта Ленінджера. Саме за підручниками цього автора, починаючи з 70-х років ХХ ст., готують фахівців у навчальних закладах біологічного, медичного, фармацевтичного та аграрного профілів практично в усіх країнах світу. \r\n\r\n\r\n\r\n\r\n', '2015-08-17', '431', '0');
INSERT INTO `news` VALUES ('296', 'Форум фидавців 2015', 'З 9 по 13 вересня запрошуємо відвідати наш стенд (#234, 2-й поверх) на Форумі видавців у Львові.\r\nПрезентація нових книг. Автограф-сесії з Евою Гатою.', '2015-09-06', '452', '0');
INSERT INTO `news` VALUES ('302', '\"Сім таємниць королівства Красолі\" Еви Гати в топ-списку рейтингу \"Книжка року 2015\"', 'Книга Еви Гати <a href=\"http://www.bak.lviv.ua//index.php?option=com_content&task=view&id=289&Itemid=18\">\r\n\"Сім таємниць королівства Красолі\"</a> в топ-списку офіційних результатів XVIІ Всеукраїнського рейтинґу «Книжка року 2015» (номінація \"Дитяче свято\").', '2016-03-10', '381', '0');
INSERT INTO `news` VALUES ('303', 'Святослав Караванський: Нове видання російсько-українського словника складної лексики', '<p>Важлива новина для шанувальників української мови. \r\nВийшов у світ <a href=\"http://www.bak.lviv.ua//index.php?option=com_content&task=view&id=295&Itemid=11\">&quot;Російсько-український словник складної лексики&quot;</a> Святослава Караванського - 3-тє доповнене і виправлене видання.</p>\r\n\r\nСловник містить коло 40 000 перекладів російських слів, граматичних\r\nформ та ідіом. Уперше в історії української лексикографії словник наводить переклади російських дієприкметників, утворюючи їх від кожного\r\nнаведеного в реєстрі дієслова. Це форми типу воображающий, посвящающий, приобщающий, опоясывающий, смеющийся, развивающийся, стремящийся – лексика систематично не перекладена в наявних\r\nнормативних словниках. Поза тим, словник наводить відсутні у масових\r\nсловниках переклади російських дієслів та інших граматичних форм, дає\r\nпереклади фразеологічних зворотів, прислів’їв, крилатих виразів, цитат з\r\nлітературних творів. Словник адресовано широкому колові читачів – від школярів до державних діячів.\r\n<p>До Вашої уваги також інші словники Святослава Караванського: <a href=\"http://www.bak.lviv.ua//index.php?option=com_content&task=view&id=269&Itemid=11\">&quot;Практичний словник синонімів української мови&quot;</a>, &quot;<a href=\"http://www.bak.lviv.ua/index.php?option=com_content&amp;task=view&amp;id=54&amp;Itemid=11\">Російсько-український  словник складної лексики</a>&quot; та <a href=\"http://www.bak.lviv.ua//index.php?option=com_content&task=view&id=53&Itemid=11\">&quot;Словник рим української мови&quot;</a>, мовознавчі праці &quot;<a href=\"http://www.bak.lviv.ua/index.php?option=com_content&task=view&id=103&Itemid=7\">До зір крізь терня, або хочу бути редактором</a>&quot;, &quot;<a href=\"http://www.bak.lviv.ua/index.php?option=com_content&task=view&id=117&Itemid=7\">Секрети української мови</a>&quot;,&nbsp;&nbsp;<a href=\"http://www.bak.lviv.ua//index.php?option=com_content&task=view&id=248&Itemid=11\">&quot;Лист до Героя пера - Марії Матіос&quot;</a>, а\r\nтакож проза, поезія, переклади, гумор і публіцистика Святослава Караванського у книгах &quot;<a href=\"http://www.bak.lviv.ua/index.php?option=com_content&task=view&id=149&Itemid=14\">Книга-журнал одного автора</a>&quot;&nbsp;, <a href=\"http://www.bak.lviv.ua//index.php?option=com_content&task=view&id=236&Itemid=11\">&quot;Гумористичний самвидав&quot;</a>. </p>\r\n\r\n\r\n', '2016-04-04', '380', '0');
INSERT INTO `news` VALUES ('304', 'Ева Гата: нова книга \"Коріння світла\"', 'Вийшла з друку нова книга Еви Гати \r\n <a href=\"http://www.bak.lviv.ua//index.php?option=com_content&task=view&id=300&Itemid=14\">\r\n\"Коріння світла\"</a>. \r\n</p><p>\r\n\r\nЛюдські долі схожі на звивисті стежки лабіринту, які водять подо­рожнього в пошуках своєї мети. Хоча цей світ контрастів вічно ба­лансує між успіхом і втратою надії, на подорожнього завжди чекає безцінний дарунок, який отримає лише той, хто зуміє правильно скористатись попереднім досвідом. Книжка „Коріння світла” скла­дається з повісті та п’яти оповідань про різні людські долі. Ко­мусь вдалося вийти з лабіринту переможцем, комусь довелося за­три­матись, однак треба пам’ятати, що вихід завжди є. \r\n\r\n</p><p>&#1044;&#1086; &#1042;&#1072;&#1096;&#1086;&#1111; &#1091;&#1074;&#1072;&#1075;&#1080; &#1090;&#1072;&#1082;&#1086;&#1078; інші книги Еви Гати:\r\n&quot;<a href=\"http://www.bak.lviv.ua/index.php?option=com_content&task=view&id=142&Itemid=14\">\r\n&#1053;&#1072;&#1088;&#1086;&#1076;&#1078;&#1077;&#1085;&#1072; &#1091; &#1076;&#1078;&#1077;&#1088;&#1077;&#1083;&#1110;, &#1072;&#1073;&#1086; &#1096;&#1083;&#1103;&#1093; &#1074;&#1110;&#1076; &#1062;&#1072;&#1088;&#1089;&#1090;&#1074;&#1072; &#1076;&#1086; &#1050;&#1086;&#1088;&#1086;&#1085;&#1080;&quot;</a>&nbsp;,\r\n<a href=\"http://www.bak.lviv.ua//index.php?option=com_content&task=view&id=216&Itemid=11\">\r\n\"&#1058;&#1091;&#1090; &#1110; &#1058;&#1072;&#1084;, &#1072;&#1073;&#1086; &#1089;&#1090;&#1077;&#1078;&#1082;&#1072; &#1084;&#1110;&#1078; &#1055;&#1072;&#1088;&#1085;&#1072;&#1089;&#1086;&#1084; &#1110; &#1054;&#1083;&#1110;&#1084;&#1087;&#1086;&#1084;\" &#1110; \"&#1058;&#1088;&#1080; &#1095;&#1077;&#1089;&#1085;&#1086;&#1090;&#1080;, &#1072;&#1073;&#1086; &#1082;&#1072;&#1079;&#1082;&#1072; &#1087;&#1088;&#1086; &#1086;&#1088;&#1110;&#1093;&#1072;&#1083;&#1082;\"</a>,\r\n<a href=\"index.php?option=com_content&amp;task=view&amp;id=83&amp;Itemid=14\">&quot;&#1054;&#1095;&#1080;&#1097;&#1077;&#1085;&#1085;&#1103;, &#1072;&#1073;&#1086; &#1088;&#1086;&#1073;&#1083;&#1102;, &#1097;&#1086; &#1093;&#1086;&#1095;&#1091;&quot;</a>, &quot;<a href=\"http://www.bak.lviv.ua/index.php?option=com_content&task=view&id=166&Itemid=14\">&#1041;&#1083;&#1072;&#1085;&#1110;&#1082; &#1074;&#1110;&#1076;&#1095;&#1080;&#1085;&#1103;&#1108; &#1076;&#1074;&#1077;&#1088;&#1110;&quot;</a>&nbsp;, <a href=\"index.php?option=com_content&amp;task=view&amp;id=173&amp;Itemid=14\">&quot;Katharsis, oder was ich will, das tue ich &quot;</a>, <a href=\"index.php?option=com_content&amp;task=view&amp;id=147&amp;Itemid=14\">&quot;&#1050;&#1072;&#1090;&#1072;&#1088;&#1089;&#1080;&#1089;, &#1080;&#1083;&#1080; &#1095;&#1090;&#1086; &#1093;&#1086;&#1095;&#1091;, &#1090;&#1086; &#1080; &#1076;&#1077;&#1083;&#1072;&#1102;&quot;</a>, <a href=\"index.php?option=com_content&amp;task=view&amp;id=222&amp;Itemid=14\">&quot;Ave Eva&quot;</a>, <a href=\"index.php?option=com_content&amp;task=view&amp;id=235&amp;Itemid=14\">&quot;&#1052;&#1091;&#1079;&#1080;&#1095;&#1085;&#1110; &#1092;&#1088;&#1077;&#1089;&#1082;&#1080;&quot;</a>, <a href=\"http://www.bak.lviv.ua//index.php?option=com_content&task=view&id=258&Itemid=14\">\r\n\"&#1050;&#1072;&#1079;&#1082;&#1080; &#1095;&#1072;&#1088;&#1110;&#1074;&#1085;&#1086;&#1075;&#1086; &#1082;&#1086;&#1088;&#1086;&#1083;&#1110;&#1074;&#1089;&#1090;&#1074;&#1072; &#1050;&#1088;&#1072;&#1089;&#1086;&#1083;&#1110;\"</a>, <a href=\"http://www.bak.lviv.ua//index.php?option=com_content&task=view&id=289&Itemid=18\">\r\n\"Сім таємниць королівства Красолі\"</a>, &quot;<a href=\"http://www.bak.lviv.ua/index.php?option=com_content&task=view&id=267&Itemid=14\">\r\nСтати Сонцем &quot;</a>&nbsp;.\r\n\r\n\r\n\r\n\r\n\r\n\r\n', '2016-04-13', '387', '0');
INSERT INTO `news` VALUES ('306', 'Словник Святослава Караванського серед Лідерів літа Всеукраїнського рейтинґу «Книжка року’2016»', '<a href=\"http://www.bak.lviv.ua//index.php?option=com_content&task=view&id=295&Itemid=11\">&quot;Російсько-український словник складної лексики&quot;</a> Святослава Караванського в списку Лідерів літа Всеукраїнського рейтинґу «Книжка року’2016» (номінація \"Обрії\"). ', '2016-08-01', '347', '0');
INSERT INTO `news` VALUES ('307', 'Святослав Караванський пропонує', 'Святослав Караванський <a href=\"http://www.bak.lviv.ua//index.php?option=com_content&task=view&id=305&Itemid=11\">пропонує </a> новий та глибоко демократичний процес обрання Президентів України. \r\n', '2016-09-03', '323', '0');
INSERT INTO `news` VALUES ('308', 'Форум видавців 2016', 'З 15 по 18 вересня запрошуємо відвідати наш стенд (#234, 2-й поверх) на Форумі видавців у Львові.\r\nПрезентація нових книг. ', '2016-09-06', '356', '0');
INSERT INTO `news` VALUES ('309', 'Автограф-сесія Еви Гати', 'Запрошуємо на автограф-сесію Еви Гати та презентацію нової її книги <a href=\"http://www.bak.lviv.ua//index.php?option=com_content&task=view&id=300&Itemid=14\">\r\n\"Коріння світла\"</a>, яка відбудеться 16 вересня о 14 год. на стенді видавництва (№234, 2-й поверх).', '2016-09-06', '320', '0');
INSERT INTO `news` VALUES ('310', 'Презентація словника Святослава Караванського', 'Запрошуємо на презентацію <a href=\"http://www.bak.lviv.ua//index.php?option=com_content&task=view&id=295&Itemid=11\">&quot;Російсько-українського словника складної лексики&quot;</a> Святослава Караванського, яка відбудеться 16 вересня о 16 год. на стенді видавництва (№234, 2-й поверх).', '2016-09-06', '369', '0');
INSERT INTO `news` VALUES ('311', 'Книга Еви Гати отримала спеціальну відзнаку на Форумі видавців\'2016', '\r\n\r\nКнига Еви Гати <a href=\"http://www.bak.lviv.ua//index.php?option=com_content&task=view&id=300&Itemid=14\">\r\n\"Коріння світла\"</a> отримала спеціальну відзнаку ZontaClub Lviv-Zamok на Форумі видавців 2016.', '2016-09-16', '325', '0');
INSERT INTO `news` VALUES ('312', 'Книжкова толока в Запоріжжі', 'Запрошуємо познайомитися з нашими книжками на Книжковій толоці в Запоріжжі (21-23 жовтня, Козак Палац)', '2016-10-20', '337', '0');
INSERT INTO `news` VALUES ('316', 'Фестиваль книги і читання в Херсоні', 'Запрошуємо познайомитися з нашими книжками на Першому Південному фестивалю книги і читання «Книжковий Миколай-2016» в Херсоні (17-18 грудня, ККЗ «Ювілейний»).', '2016-12-17', '286', '0');
INSERT INTO `news` VALUES ('317', 'Святослав Караванський', 'З глибоким сумом сповіщаємо, що на 96-му році життя відійшов у вічність Святослав Караванський, довголітній дисидент, громадський діяч, визначний мовознавець, письменник, перекладач, словникар.\r\n<p>Відійшла Людина з Великої букви, яка своїм героїчним життям творила основи сучасної незалежної України.\r\nЙого мовознавчі праці - неоціненний скарб і керівництво до дії багатьом поколінням українців.\r\n</p>Вічная пам\'ять.\r\n', '2016-12-18', '280', '0');
INSERT INTO `news` VALUES ('318', 'Ева Гата: Лабіринти', '12 січня о 16:00 у Львівському палаці мистецтв відкриття виставки Еви Гати \"Лабіринти\": малярство. текстиль. Виставка триватиме до 30.01. Запрошуємо відвідати. ', '2017-01-07', '267', '0');
INSERT INTO `news` VALUES ('319', 'Святослав Караванський: Ідіотизми сталінської ярижки у державній мові України', 'Важлива новина для шанувальників української мови. Вийшла з друку (посмертно) нова книга Святослава Караванського <a href=\"http://www.bak.lviv.ua//index.php?option=com_content&task=view&id=314&Itemid=11\">&quot;Ідіотизми сталінської ярижки у державній мові України&quot;</a>.  <p>\r\nПропонувану увазі читачів розвідку присвячено станові української мови після лінгвоцидних експериментів Москви з “наближення” нашої мови до мови окупанта. Розглянуто низку прищеплених нам мовних ідіотизмів, які гальмують самостійний розвиток української мови і сприяють обмосковщенню українців, бо відтручують їх від користування рідною мовою. ', '2017-01-15', '341', '0');
INSERT INTO `news` VALUES ('320', 'Нова книга Віри Вовк - Три поеми', 'Вийшла з друку нова книга Віри Вовк, відомої української письменниці з Бразилії, Лауреата Шевченківської премії 2008 року - \r\n\r\n<a href=\"index.php?option=com_content&task=view&id=313О&Itemid=14\" target=\"_blank\"> &quot;Три поеми&quot;</a>.\r\n\r\n\r\n', '2017-01-20', '345', '0');
INSERT INTO `news` VALUES ('321', 'Караван ІДЕ', 'Вечір-спомин про Святослава Караванського. Презентація нової останньої книги <a href=\"http://www.bak.lviv.ua//index.php?option=com_content&task=view&id=314&Itemid=11\">&quot;Ідіотизми сталінської ярижки у державній мові України&quot;</a>.  <p>\r\n24 січня о 19 год. в приміщенні FEDORIV Hub, Велика Васильківська, 5, Київ.', '2017-01-20', '293', '0');
INSERT INTO `news` VALUES ('322', 'Словник Святослава Караванського серед лідерів Всеукраїнського рейтинґу «Книжка року’2016»', '<a href=\"http://www.bak.lviv.ua//index.php?option=com_content&task=view&id=295&Itemid=11\">&quot;Російсько-український словник складної лексики&quot;</a> Святослава Караванського в короткому списку найліпших книжок Всеукраїнського рейтинґу «Книжка року’2016» (номінація \"Обрії\"). ', '2017-02-15', '311', '0');
INSERT INTO `news` VALUES ('323', 'Зустріч з Вірою Вовк', 'Запрошуємо на зустріч з Вірою Вовк, відомою українською письменницею з Бразилії, Лауреатом Шевченківської премії 2008 року і презентацію її нової книги \r\n\r\n<a href=\"index.php?option=com_content&task=view&id=313О&Itemid=14\" target=\"_blank\"> &quot;Три поеми&quot;</a>, яка відбудеться 7 травня 2017 р. о 16 год. У Львівському музеї історії релігії.\r\n\r\n', '2017-04-29', '275', '0');
INSERT INTO `news` VALUES ('324', 'Зустріч з Евою Гатою', 'Запрошуємо на зустріч з Евою Гатою в Моршині: 8 липня - виставка живопису (амфітеатр, 12:00); 9 липня - кава з Евою Гатою (гот. \"Оберіг\", 15:30). ', '2017-07-07', '268', '0');
INSERT INTO `news` VALUES ('325', 'Акція на підтримку української мови', '15 липня розпочато акцію на підтримку української мови - ціни знижено до 70%. Акція триватиме до 30 серпня. ', '2017-07-16', '265', '0');
INSERT INTO `news` VALUES ('326', 'Форум видавців 2017', 'З 13 по 17 вересня запрошуємо відвідати наш стенд (#207, 2-й поверх) на Форумі видавців у Львові. Презентація нових книг. ', '2017-09-13', '277', '0');
INSERT INTO `news` VALUES ('327', 'Автограф-сесія Еви Гати', 'Запрошуємо на автограф-сесію Еви Гати, яка відбудеться 15 вересня о 15 год. на стенді видавництва (№207, 2-й поверх). ', '2017-09-14', '231', '0');
INSERT INTO `news` VALUES ('329', 'Нова книга Віри Вовк - Вселенна містерія ', 'Вийшла з друку нова книга Віри Вовк, відомої української письменниці з Бразилії, Лауреата Шевченківської премії 2008 року - \r\n\r\n<a href=\"index.php?option=com_content&task=view&id=328&Itemid=14\" target=\"_blank\"> &quot;Вселенна містерія&quot;</a>.\r\n\r\n\r\n\r\n', '2018-01-21', '152', '0');
INSERT INTO `news` VALUES ('331', 'Нова книга Еви Гати - Усі дороги провадять до любові', 'Вийшла з друку нова книга Еви Гати \r\n <a href=\"http://www.bak.lviv.ua//index.php?option=com_content&task=view&id=330&Itemid=14\">\r\n\"Усі дороги провадять до любові\"</a>. \r\n\r\n\r\n</p><p>\r\n\r\nУ житті часто трапляються непередбачувані ситуації. Здається, уже нема на що сподіватися – смерть пильно вдивляється у вічі. Проте не завжди все так, як здається на перший погляд. Навіть найстрашніша недуга може стати благословенням, яке виводить з тупика. Вихід завжди є, і він неодмінно провадить до Любові. \r\n\r\n</p><p>&#1044;&#1086; &#1042;&#1072;&#1096;&#1086;&#1111; &#1091;&#1074;&#1072;&#1075;&#1080; &#1090;&#1072;&#1082;&#1086;&#1078; інші книги Еви Гати:\r\n&quot;<a href=\"http://www.bak.lviv.ua/index.php?option=com_content&task=view&id=142&Itemid=14\">\r\n&#1053;&#1072;&#1088;&#1086;&#1076;&#1078;&#1077;&#1085;&#1072; &#1091; &#1076;&#1078;&#1077;&#1088;&#1077;&#1083;&#1110;, &#1072;&#1073;&#1086; &#1096;&#1083;&#1103;&#1093; &#1074;&#1110;&#1076; &#1062;&#1072;&#1088;&#1089;&#1090;&#1074;&#1072; &#1076;&#1086; &#1050;&#1086;&#1088;&#1086;&#1085;&#1080;&quot;</a>&nbsp;,\r\n<a href=\"http://www.bak.lviv.ua//index.php?option=com_content&task=view&id=216&Itemid=11\">\r\n\"&#1058;&#1091;&#1090; &#1110; &#1058;&#1072;&#1084;, &#1072;&#1073;&#1086; &#1089;&#1090;&#1077;&#1078;&#1082;&#1072; &#1084;&#1110;&#1078; &#1055;&#1072;&#1088;&#1085;&#1072;&#1089;&#1086;&#1084; &#1110; &#1054;&#1083;&#1110;&#1084;&#1087;&#1086;&#1084;\" &#1110; \"&#1058;&#1088;&#1080; &#1095;&#1077;&#1089;&#1085;&#1086;&#1090;&#1080;, &#1072;&#1073;&#1086; &#1082;&#1072;&#1079;&#1082;&#1072; &#1087;&#1088;&#1086; &#1086;&#1088;&#1110;&#1093;&#1072;&#1083;&#1082;\"</a>,\r\n<a href=\"index.php?option=com_content&amp;task=view&amp;id=83&amp;Itemid=14\">&quot;&#1054;&#1095;&#1080;&#1097;&#1077;&#1085;&#1085;&#1103;, &#1072;&#1073;&#1086; &#1088;&#1086;&#1073;&#1083;&#1102;, &#1097;&#1086; &#1093;&#1086;&#1095;&#1091;&quot;</a>, &quot;<a href=\"http://www.bak.lviv.ua/index.php?option=com_content&task=view&id=166&Itemid=14\">&#1041;&#1083;&#1072;&#1085;&#1110;&#1082; &#1074;&#1110;&#1076;&#1095;&#1080;&#1085;&#1103;&#1108; &#1076;&#1074;&#1077;&#1088;&#1110;&quot;</a>&nbsp;, <a href=\"index.php?option=com_content&amp;task=view&amp;id=173&amp;Itemid=14\">&quot;Katharsis, oder was ich will, das tue ich &quot;</a>, <a href=\"index.php?option=com_content&amp;task=view&amp;id=147&amp;Itemid=14\">&quot;&#1050;&#1072;&#1090;&#1072;&#1088;&#1089;&#1080;&#1089;, &#1080;&#1083;&#1080; &#1095;&#1090;&#1086; &#1093;&#1086;&#1095;&#1091;, &#1090;&#1086; &#1080; &#1076;&#1077;&#1083;&#1072;&#1102;&quot;</a>, <a href=\"index.php?option=com_content&amp;task=view&amp;id=222&amp;Itemid=14\">&quot;Ave Eva&quot;</a>, <a href=\"index.php?option=com_content&amp;task=view&amp;id=235&amp;Itemid=14\">&quot;&#1052;&#1091;&#1079;&#1080;&#1095;&#1085;&#1110; &#1092;&#1088;&#1077;&#1089;&#1082;&#1080;&quot;</a>, <a href=\"http://www.bak.lviv.ua//index.php?option=com_content&task=view&id=258&Itemid=14\">\r\n\"&#1050;&#1072;&#1079;&#1082;&#1080; &#1095;&#1072;&#1088;&#1110;&#1074;&#1085;&#1086;&#1075;&#1086; &#1082;&#1086;&#1088;&#1086;&#1083;&#1110;&#1074;&#1089;&#1090;&#1074;&#1072; &#1050;&#1088;&#1072;&#1089;&#1086;&#1083;&#1110;\"</a>, <a href=\"http://www.bak.lviv.ua//index.php?option=com_content&task=view&id=289&Itemid=18\">\r\n\"Сім таємниць королівства Красолі\"</a>, &quot;<a href=\"http://www.bak.lviv.ua/index.php?option=com_content&task=view&id=267&Itemid=14\">\r\nСтати Сонцем &quot;</a>,&quot;<a href=\"http://www.bak.lviv.ua/index.php?option=com_content&task=view&id=300&Itemid=14\">\r\nКоріння Світла &quot;</a>\r\n\r\n&nbsp;.\r\n\r\n\r\n\r\n', '2018-07-23', '64', '0');
INSERT INTO `news` VALUES ('332', 'Книга Еви Гати \"Коріння світла\" отримала відзнаку на Всеукраїнському конкурсі \"DNIPRO-BOOK-FEST\'', 'Книга Еви Гати \r\n<a href=\"http://www.bak.lviv.ua//index.php?option=com_content&task=view&id=300&Itemid=14\">\r\n«Коріння світла» </a> отримала відзнаку в номінації Проз&#243;ві твори на Всеукраїнському літературному конкурсі прозових україномовних видань «DNIPRO-BOOK-FEST».', '2018-09-13', '37', '0');
INSERT INTO `news` VALUES ('333', 'Книга Еви Гати \"Сім таємниць королівства Красолі\" - переможець Всеукраїнського конкурсу в Дніпрі', 'Книга Еви Гати \r\n<a href=\"http://www.bak.lviv.ua//index.php?option=com_content&task=view&id=289&Itemid=18\">\r\n\r\n\r\n\r\n\"Сім таємниць королівства Красолі\" </a> - переможець Всеукраїнського літературномго конкурсу прозових україномовних видань «DNIPRO-BOOK-FEST» в номінації Проза для підлітків.', '2018-09-13', '46', '0');
INSERT INTO `news` VALUES ('334', 'Радіовистава \"Розповідь таксофонної будки\" за оповіданням Еви Гати', 'Прем\'єра на Радіо \"Культура\" (Київ, 15.08.2018, 21:20-21:50) - Радіовистава \"Розповідь таксофонної будки\" за оповіданням Еви Гати з книги <a href=\"http://www.bak.lviv.ua//index.php?option=com_content&task=view&id=267&Itemid=14\">\r\n\"Стати сонцем\"</a>.\r\n\r\n <br />Можна послухати:\r\n\r\nhttp://schedule.nrcu.gov.ua/grid/channel/period/item-listen-popup.html?periodItemID=2030083\r\n\r\n<br />У ролях: Ірма Вітовська, Олексій Богданович, Ігор Мізер, Вікторія Польченко та інші. Інсценівка Наталії Коломієць.\r\n', '2018-09-13', '48', '0');
INSERT INTO `news` VALUES ('335', 'Ева Гата', 'З глибоким сумом сповіщаємо, що 14 листопада 2018 року після тяжкої хвороби відійшла у вічність Ева Гата (Коссак Ольга Святославівна), письменниця, мисткиня, громадська діячка, педагог, доцент Львівського національного університету імені Івана Франка.<br /><br />\r\nВічная пам\'ять.', '2018-11-14', '19', '0');

-- ----------------------------
-- Table structure for regions
-- ----------------------------
DROP TABLE IF EXISTS `regions`;
CREATE TABLE `regions` (
  `region_id` int(11) NOT NULL AUTO_INCREMENT,
  `region` varchar(50) DEFAULT NULL,
  PRIMARY KEY (`region_id`),
  UNIQUE KEY `region_id` (`region_id`),
  KEY `region_id_2` (`region_id`,`region`)
) ENGINE=InnoDB AUTO_INCREMENT=25 DEFAULT CHARSET=utf8;

-- ----------------------------
-- Records of regions
-- ----------------------------
INSERT INTO `regions` VALUES ('1', 'Київ');
INSERT INTO `regions` VALUES ('2', 'Чернігів');
INSERT INTO `regions` VALUES ('3', 'Суми');
INSERT INTO `regions` VALUES ('4', 'Харків');
INSERT INTO `regions` VALUES ('5', 'Луганська обл.');
INSERT INTO `regions` VALUES ('6', 'Донецька обл.');
INSERT INTO `regions` VALUES ('7', 'Дніпропетровськ');
INSERT INTO `regions` VALUES ('8', 'Черкаси');
INSERT INTO `regions` VALUES ('9', 'Кіровоград');
INSERT INTO `regions` VALUES ('10', 'Запоріжжя');
INSERT INTO `regions` VALUES ('11', 'Одеса');
INSERT INTO `regions` VALUES ('12', 'Хесрон');
INSERT INTO `regions` VALUES ('13', 'Миколаїв');
INSERT INTO `regions` VALUES ('14', 'Вінниця');
INSERT INTO `regions` VALUES ('15', 'Житомир');
INSERT INTO `regions` VALUES ('16', 'Рівне');
INSERT INTO `regions` VALUES ('17', 'Луцьк');
INSERT INTO `regions` VALUES ('18', 'Львів');
INSERT INTO `regions` VALUES ('19', 'Івано-Франківськ');
INSERT INTO `regions` VALUES ('20', 'Чернівці');
INSERT INTO `regions` VALUES ('21', 'Тернопіль');
INSERT INTO `regions` VALUES ('22', 'Ужгород');
INSERT INTO `regions` VALUES ('23', 'Польща');
INSERT INTO `regions` VALUES ('24', 'Хмельницький');

-- ----------------------------
-- Table structure for shops
-- ----------------------------
DROP TABLE IF EXISTS `shops`;
CREATE TABLE `shops` (
  `shop_id` int(11) unsigned NOT NULL AUTO_INCREMENT,
  `www` tinyint(1) unsigned DEFAULT '0',
  `url` varchar(50) DEFAULT NULL,
  `title` varchar(100) DEFAULT '',
  `content` mediumtext,
  `deleted` tinyint(1) NOT NULL DEFAULT '0',
  PRIMARY KEY (`shop_id`)
) ENGINE=InnoDB AUTO_INCREMENT=344 DEFAULT CHARSET=utf8;

-- ----------------------------
-- Records of shops
-- ----------------------------
INSERT INTO `shops` VALUES ('197', null, null, 'Вінницька область', 'м. Вінниця:<br />\r\n\r\nКнигарня «Є», вул. Соборна, 89, тел.: (0432) 52-93-41<br />\r\nКнигарня «Тезис», вул. Космонавтів, 63<br />\r\n«Дім Книги» №15, вул. Інтернаціональна, 3/2, тел.: (0432) 35-60-57<br />\r\n«Книжкова хата», вул. Тимірязєва, 3, тел.: (0432) 61-23-40<br />\r\n', '0');
INSERT INTO `shops` VALUES ('198', null, null, 'Волинська область', 'м. Луцьк:<br />\r\nКнигарня «Знання», пр. Волі, 41, тел.: (03322) 4-23-98<br />\r\nКнигарня «Планета», пр. Волі, 8, тел.: (0332) 72-39-58<br />\r\n«Дім книги», вул. Конягіна, 37а<br />\r\nКнигарня \"Волинська обл. друкарня\", пр. Волі, 21. тел.: (033) 24-25-01<br /><br />\r\n\r\nм. Володимир-Волинський:<br />\r\nКнигарня «Є», вул. Ковельська, 6, тел.: (03342) 2-19-57<br />\r\n\r\n\r\n\r\n\r\n\r\n', '0');
INSERT INTO `shops` VALUES ('199', null, null, 'Дніпропетровська область', 'м. Дніпропетровськ:<br />\r\n\r\n«АРТ Вертеп», вул. Червона площа, 3, тел.: (056) 233-55-82<br />\r\n«Книги України», пр. Кірова, 22, тел.: (056) 778-38-39<br /><br />\r\n\r\nм. Кривий Ріг:<br />\r\n\"Букініст\", вул. Визволення, 1, тел.: (0564) 92-37-32<br />\r\n', '0');
INSERT INTO `shops` VALUES ('200', null, null, 'Житомирська область', 'м. Житомир:<br />\r\n\r\n«Книги», вул. Михайлівська, 11/2, тел.: (0412) 470-422<br />\r\n«Методичний центр», пров. Скорульського, 8, тел.: (0412) 418-339<br />\r\n«Книги», пл. Перемоги, 7 (біля станції «Житомир»)<br />\r\n«Світ книг», вул. Київська, 17/1, тел.: (0412) 47-27-52<br /><br />\r\n\r\nм. Бердичів:<br />\r\n«Книги +», вул. Леніна, 4/1<br />\r\n', '0');
INSERT INTO `shops` VALUES ('201', null, null, 'Івано-Франківська область', 'м. Івано-Франківськ:<br />\r\n\r\n«Сучасна українська книга», Вічевий майдан, 3, тел/факс: (03422)3-04-60<br />\r\nКнигарня «Є», вул. Незалежності, 31 тел.: (0342) 72-25-02<br />\r\n«Вища школа», вул. Незалежності, 9<br />\r\n«Букініст», вул. Незалежності, 19, тел.:/факс: (0342) 75-13-71<br />\r\n«Джерела-М», вул. Вовчинецька, 225а, тел.: (0342) 71-70-65<br /><br />\r\n\r\n\r\nм. Коломия<br />\r\n«Світ книги», пл. Ринок, 12/1<br /><br />\r\n\r\nм. Надвірна<br />\r\n\"Кооператор-2\", вул. Чорновола, 4<br />', '0');
INSERT INTO `shops` VALUES ('202', null, null, 'Київська область', 'м. Київ:<br />\r\nКнигарня «Є», вул. Лисенка, 3, тел.: (044) 235-88-50<br />\r\nКнигарня «Є», вул. Спаська, 5, тел.: (044) 351-13-38<br />\r\nКнигарня «Є», пр. Повітрофлотський, 33/2, тел.: (044) 275-67-42<br />\r\nКнигарня «Є», вул. Саксаганського, 107/47, тел.: (044) 383-61-49<br />\r\n\"Наукова думка НАН України\", вул. Грушевського, 4, тел.: (044) 279-12-01<br />\r\nКнигарня «Сяйво», вул. В. Васильківська, 6<br />\r\n\"Джерела М\", вул. Почайнинська, 28, тел.: (044) 467-50-24<br />\r\n\"Академкнига № 7\", вул. Стрітенська, 17, тел.: (044) 272-34-72<br />\r\nМагазин «Читайка», вул. Вербова, 17<br />\r\n«Словник-Самобранки», вул. Артема, 1/5<br />\r\n', '0');
INSERT INTO `shops` VALUES ('203', null, null, 'Львівська область', 'м. Львів:<br />\r\n\"Академічна книгарня\", вул. Нижанківського,5а, тел.:(032) 235-42-02<br />\r\nКнигарня «Є», пр. Свободи, 7, тел.:(032) 235 73 68<br />\r\nКнигарня НТШ, пр. Шевченка, 8, тел.:(032) 235-87-39<br />\r\n\"Українська книгарня\", пр. Шевченка, 8, тел.:(032) 235-74-91<br />\r\n\"Центр Української книги\", вул. В.Великого, 34, тел.:(032) 240-21-90<br />\r\nКнигарня \"Глобус\", пл. Галицька, 12, тел.:(032) 235-51-77<br />\r\nКнигарня «Фоліо», вул. Коперника, 3<br />\r\nКнигарня «Скарбниця», вул. Фурманська 5/28, тел.:(032) 240-30-42<br />\r\nКнигарня \"Ноти\", пр. Шевченка, 16, тел.:(032) 261-19-64<br />\r\n«Книжкові джерела», вул. Бузкова, 2, тел.:(032) 245-00-25<br />\r\nКнигарня на Федорова м. Львів, Ставропігійська, 4, тел.:(032) 235-54-18 <br />\r\nОбласний бібколектор м. Львів, вул. Лисенка, 21, тел.:(032) 276-54-96<br /><br />\r\n\r\nм. Дрогобич:<br />\r\nКнигарня «Скарбниця», пл. Ринок, 11, тел.:(03244) 2-34-27<br />\r\nКнигарня \"Каменяр\", вул. І.Мазепи, 4, тел.:(0244) 2-41-22<br />\r\nКнигарня \"Мистецтво\", пл. Ринок, 7, тел.:(0244) 2-23-67<br /><br />\r\n\r\nм. Трускавець:<br />\r\n\"Книги\", вул. Бориславська, 1, тел.:(0247) 5-15-90<br /><br />\r\n\r\nм. Стрий:<br />\r\nКнигарня \"Ідея\", вул. Гоцуленка, 3, тел.: (0245) 4-02-91<br />\r\n\r\n', '0');
INSERT INTO `shops` VALUES ('204', null, null, 'Одеська область', 'м. Одеса:<br />\r\nУкраїнська крамниця, вул. Троїцька, 30, тел.:(048) 724-62-02<br />\r\nКнигарня-кав’ярня, вул. Катеринська, 77<br />\r\n', '0');
INSERT INTO `shops` VALUES ('205', null, null, 'Рівненська область', 'м. Рівне:<br />\r\n\"Рівнекнига\", вул. Островського, 16. тел.:/факс:(0362) 22-35-97<br />\r\nКнигарня «Джерела-М», вул. М. Рильського, 11б<br />\r\n', '0');
INSERT INTO `shops` VALUES ('206', null, null, 'Тернопільська область', 'м. Тернопіль:<br />\r\nКнигарня «Є», вул. Валова, 7-9, тел.:(0352) 25-44-59<br />\r\nКнигарня \"Ярослав Мудрий\", вул. Руська, 19 (біля арки), тел. 52-45-06<br />\r\nКнигарня \"Підручники і посібники\", вул. Грушевського, 23,  тел. 25-86-00<br />\r\n\r\n\r\nКнигарня \"Вікторія\", вул. Сагайдачного, 2, тел.:(0352) 52-63-68<br />\r\nКнигарня «Слово», вул.Валова, 14, тел.:(0352) 52-23-05<br />\r\n«Дім книги», вул. Коперника, 19, тел.:(0352) 43-01-39<br />\r\n«Дім книги», вул. Й. Сліпого, 1, тел.:(0352) 43-03-71<br />\r\nКнигарня «Знання», вул.Миру, 3а, тел.:(0352) 53-21-22 <br />\r\n«Книжкова хата», вул. Подільська, 44<br />\r\n«Книжкова хата», вул. Чорновола, 14<br />\r\n«Книжкова хата», Торговий дім «Подоляни»<br /><br />\r\n\r\nм. Чортків:<br />\r\n«Книжкова хата», вул. Ринок, 12<br />\r\n', '0');
INSERT INTO `shops` VALUES ('207', null, null, 'Харківська область', 'м. Харків:<br />\r\nКнигарня «Є», вул. Сумська, 3<br />\r\n\"Дім книги \"Books\", вул. Сумська, 51, тел.:(057) 714-04-71<br />\r\nКнигарня \"Літера Нова\", вул. Квітки Основ\'яненка, 4/6, тел.:(057) 731-41-69<br />\r\nКнигарня «Фоліо», пл. Свободи, 7<br />\r\n', '0');
INSERT INTO `shops` VALUES ('208', null, null, 'Хмельницька область', 'м. Хмельницький:<br />\r\nКнигарня \"Книжковий світ\", вул. Подільська, 25, тел.:(0382) 79-25-45<br />\r\n\"Дім книги\", вул. Грушевського, 50, тел.:(0382) 70-40-04<br />\r\nКнигарня «Джерела-М», вул. Інститутська, 10/1<br />\r\n', '0');
INSERT INTO `shops` VALUES ('209', null, null, 'Черкаська область', 'м. Черкаси:<br />\r\nКнигарня \"Світоч\", вул. Байди Вишневецького, 38, тел.:(0472) 32-92-78<br />\r\n', '0');
INSERT INTO `shops` VALUES ('210', null, null, 'Чернівецька область', 'м. Чернівці:<br />\r\nКнигарня «Українська книга», вул. 28 Червня 44/307,  тел.:(0372) 58-53-57<br />\r\n', '0');
INSERT INTO `shops` VALUES ('211', null, null, 'Чернігівська область', 'м. Чернігів:<br />\r\n\"Будинок книги\", пр. Миру, 45, тел.:(0462) 699-264<br />\r\n', '0');
INSERT INTO `shops` VALUES ('232', null, null, 'Польща/Polska', 'м. Краків/Krak&#243;w:<br />\r\nкнигарня \"Нестор\"/ Ksiegarnia Nestor, ul. Kanonicza, 15, тел.:(012) 421-92-94<br />', '0');
INSERT INTO `shops` VALUES ('250', null, null, 'Закарпатська область', 'м. Ужгород:<br />\r\nКнигарня «Кобзар», пл. Корятовича, 1, тел.:(03122) 3-35-16<br />\r\nКнигарня \"Букініст\", вул. Л.Толстого, 4<br />\r\n\r\nм. Мукачів:<br />\r\nКнигарня<br /><br />\r\n', '0');
INSERT INTO `shops` VALUES ('336', '1', 'akbooks.com.ua', '', '', '0');
INSERT INTO `shops` VALUES ('337', '1', 'booklya.com.ua', '', '', '0');
INSERT INTO `shops` VALUES ('338', '1', 'yakaboo.ua', '', '', '0');
INSERT INTO `shops` VALUES ('339', '1', 'knigiua.com', '', '', '0');
INSERT INTO `shops` VALUES ('340', '1', 'kassiopeya.com', '', '', '0');
INSERT INTO `shops` VALUES ('341', '1', 'artvertep.com', '', '', '0');
INSERT INTO `shops` VALUES ('342', '1', 'ua-ua.com.ua', '', '', '0');
INSERT INTO `shops` VALUES ('343', '1', 'knyga-ua.com', '', '', '0');
SET FOREIGN_KEY_CHECKS=1;
